file,class,method,constructor,line,cbo,cboModified,fanin,fanout,wmc,rfc,loc,returnsQty,variablesQty,parametersQty,methodsInvokedQty,methodsInvokedLocalQty,methodsInvokedIndirectLocalQty,loopQty,comparisonsQty,tryCatchQty,parenthesizedExpsQty,stringLiteralsQty,numbersQty,assignmentsQty,mathOperationsQty,maxNestedBlocksQty,anonymousClassesQty,innerClassesQty,lambdasQty,uniqueWordsQty,modifiers,logStatementsQty,hasJavaDoc
D:\Others\assignment\FADI_WEDYAN_OOPS\Final_Project_Repos\xmojo-5.0.0\xmojo-5.0.0\tutorials\src\tutorials\mbeans\standard\CartMBean.java,tutorials.mbeans.standard.CartMBean,reset/0,false,46,0,0,0,0,1,0,1,0,0,0,0,0,0,0,0,0,0,0,0,0,0,0,0,0,0,2,1,0,false
D:\Others\assignment\FADI_WEDYAN_OOPS\Final_Project_Repos\xmojo-5.0.0\xmojo-5.0.0\tutorials\src\tutorials\mbeans\standard\CartMBean.java,tutorials.mbeans.standard.CartMBean,"updateItem/2[java.lang.String,java.lang.Integer]",false,42,0,0,0,0,1,0,1,0,0,2,0,0,0,0,0,0,0,0,0,0,0,0,0,0,0,4,1,0,false
D:\Others\assignment\FADI_WEDYAN_OOPS\Final_Project_Repos\xmojo-5.0.0\xmojo-5.0.0\tutorials\src\tutorials\mbeans\standard\CartMBean.java,tutorials.mbeans.standard.CartMBean,getTotalPrice/0,false,36,0,0,0,0,1,0,1,0,0,0,0,0,0,0,0,0,0,0,0,0,0,0,0,0,0,4,1,0,false
D:\Others\assignment\FADI_WEDYAN_OOPS\Final_Project_Repos\xmojo-5.0.0\xmojo-5.0.0\tutorials\src\tutorials\mbeans\standard\CartMBean.java,tutorials.mbeans.standard.CartMBean,getItemsPurchased/0,false,44,0,0,0,0,1,0,1,0,0,0,0,0,0,0,0,0,0,0,0,0,0,0,0,0,0,4,1,0,false
D:\Others\assignment\FADI_WEDYAN_OOPS\Final_Project_Repos\xmojo-5.0.0\xmojo-5.0.0\tutorials\src\tutorials\mbeans\standard\CartMBean.java,tutorials.mbeans.standard.CartMBean,"addItem/2[java.lang.String,java.lang.Integer]",false,40,0,0,0,0,1,0,1,0,0,2,0,0,0,0,0,0,0,0,0,0,0,0,0,0,0,4,1,0,false
D:\Others\assignment\FADI_WEDYAN_OOPS\Final_Project_Repos\xmojo-5.0.0\xmojo-5.0.0\tutorials\src\tutorials\mbeans\standard\CartMBean.java,tutorials.mbeans.standard.CartMBean,getTotalItemCount/0,false,34,0,0,0,0,1,0,1,0,0,0,0,0,0,0,0,0,0,0,0,0,0,0,0,0,0,5,1,0,false
D:\Others\assignment\FADI_WEDYAN_OOPS\Final_Project_Repos\xmojo-5.0.0\xmojo-5.0.0\examples\notification\src\examples\mbeans\standard\NotifReceiverMBean.java,examples.mbeans.standard.NotifReceiverMBean,getNotificationsReceived/0,false,39,0,0,0,0,1,0,1,0,0,0,0,0,0,0,0,0,0,0,0,0,0,0,0,0,0,3,1,0,false
D:\Others\assignment\FADI_WEDYAN_OOPS\Final_Project_Repos\xmojo-5.0.0\xmojo-5.0.0\examples\mbeans\model\src\examples\applications\server\ServerInfo.java,ServerInfo,"ServerInfo/4[String,String,boolean,int]",true,67,0,0,0,0,1,0,6,0,0,4,0,0,0,0,0,0,0,0,0,4,0,0,0,0,0,7,1,0,false
D:\Others\assignment\FADI_WEDYAN_OOPS\Final_Project_Repos\xmojo-5.0.0\xmojo-5.0.0\examples\mbeans\model\src\examples\applications\server\ServerInfo.java,ServerInfo,stopService/0,false,112,0,0,0,0,2,1,8,1,0,0,1,0,0,0,1,0,0,3,0,1,1,1,0,0,0,9,1,0,false
D:\Others\assignment\FADI_WEDYAN_OOPS\Final_Project_Repos\xmojo-5.0.0\xmojo-5.0.0\examples\mbeans\model\src\examples\applications\server\ServerInfo.java,ServerInfo,getServerName/0,false,76,1,0,0,0,1,0,3,1,0,0,0,0,0,0,0,0,0,0,0,0,0,0,0,0,0,4,1,0,false
D:\Others\assignment\FADI_WEDYAN_OOPS\Final_Project_Repos\xmojo-5.0.0\xmojo-5.0.0\examples\mbeans\model\src\examples\applications\server\ServerInfo.java,ServerInfo,getPort/0,false,88,0,0,0,0,1,0,3,1,0,0,0,0,0,0,0,0,0,0,0,0,0,0,0,0,0,3,1,0,false
D:\Others\assignment\FADI_WEDYAN_OOPS\Final_Project_Repos\xmojo-5.0.0\xmojo-5.0.0\examples\mbeans\model\src\examples\applications\server\ServerInfo.java,ServerInfo,restart/0,false,140,1,0,0,0,1,2,6,0,0,0,2,2,2,0,0,0,0,0,0,1,0,0,0,0,0,7,1,0,false
D:\Others\assignment\FADI_WEDYAN_OOPS\Final_Project_Repos\xmojo-5.0.0\xmojo-5.0.0\examples\mbeans\model\src\examples\applications\server\ServerInfo.java,ServerInfo,getRestartCount/0,false,136,0,0,0,0,1,0,3,1,0,0,0,0,0,0,0,0,0,0,0,0,0,0,0,0,0,4,1,0,false
D:\Others\assignment\FADI_WEDYAN_OOPS\Final_Project_Repos\xmojo-5.0.0\xmojo-5.0.0\examples\mbeans\model\src\examples\applications\server\ServerInfo.java,ServerInfo,isServerStarted/0,false,84,0,0,0,0,1,0,3,1,0,0,0,0,0,0,0,0,0,0,0,0,0,0,0,0,0,4,1,0,false
D:\Others\assignment\FADI_WEDYAN_OOPS\Final_Project_Repos\xmojo-5.0.0\xmojo-5.0.0\examples\mbeans\model\src\examples\applications\server\ServerInfo.java,ServerInfo,setPort/1[int],false,92,0,0,0,0,1,2,5,0,0,1,2,2,2,0,0,0,0,0,0,1,0,0,0,0,0,6,1,0,false
D:\Others\assignment\FADI_WEDYAN_OOPS\Final_Project_Repos\xmojo-5.0.0\xmojo-5.0.0\examples\mbeans\model\src\examples\applications\server\ServerInfo.java,ServerInfo,startService/0,false,98,1,0,0,0,2,3,9,1,0,0,3,2,1,0,0,0,0,4,0,2,2,1,0,0,0,18,1,0,false
D:\Others\assignment\FADI_WEDYAN_OOPS\Final_Project_Repos\xmojo-5.0.0\xmojo-5.0.0\examples\mbeans\model\src\examples\applications\server\ServerInfo.java,ServerInfo,getServerId/0,false,80,1,0,0,0,1,0,3,1,0,0,0,0,0,0,0,0,0,0,0,0,0,0,0,0,0,4,1,0,false
D:\Others\assignment\FADI_WEDYAN_OOPS\Final_Project_Repos\xmojo-5.0.0\xmojo-5.0.0\examples\mbeans\model\src\examples\applications\server\ServerInfo.java,ServerInfo,getServerUpTime/0,false,127,0,0,0,0,2,2,8,2,0,0,2,0,0,0,1,0,1,0,1,0,1,1,0,0,0,8,1,0,false
D:\Others\assignment\FADI_WEDYAN_OOPS\Final_Project_Repos\xmojo-5.0.0\xmojo-5.0.0\examples\mbeans\model\src\examples\applications\server\ServerInfo.java,ServerInfo,ServerInfo/0,true,59,0,0,0,0,1,0,6,0,0,0,0,0,0,0,0,0,0,2,1,4,0,0,0,0,0,8,1,0,false
D:\Others\assignment\FADI_WEDYAN_OOPS\Final_Project_Repos\xmojo-5.0.0\xmojo-5.0.0\examples\mbeans\model\src\examples\applications\server\ServerInfo.java,ServerInfo,getStartTime/0,false,123,1,0,0,0,1,0,3,1,0,0,0,0,0,0,0,0,0,0,0,0,0,0,0,0,0,5,1,0,false
D:\Others\assignment\FADI_WEDYAN_OOPS\Final_Project_Repos\xmojo-5.0.0\xmojo-5.0.0\examples\notification\src\examples\agent\NotifListener.java,examples.agent.NotifListener,"handleNotification/2[examples.agent.Notification,java.lang.Object]",false,41,1,0,0,0,1,6,9,0,0,2,6,0,0,0,0,0,0,7,0,0,4,0,0,0,0,14,1,0,false
D:\Others\assignment\FADI_WEDYAN_OOPS\Final_Project_Repos\xmojo-5.0.0\xmojo-5.0.0\examples\mbeans\standard\src\examples\mbeans\standard\ServerInfo.java,examples.mbeans.standard.ServerInfo,"ServerInfo/4[java.lang.String,java.lang.String,boolean,int]",true,54,0,0,0,0,1,0,6,0,0,4,0,0,0,0,0,0,0,0,0,4,0,0,0,0,0,7,1,0,false
D:\Others\assignment\FADI_WEDYAN_OOPS\Final_Project_Repos\xmojo-5.0.0\xmojo-5.0.0\examples\mbeans\standard\src\examples\mbeans\standard\ServerInfo.java,examples.mbeans.standard.ServerInfo,getServerId/0,false,70,0,0,0,0,1,0,3,1,0,0,0,0,0,0,0,0,0,0,0,0,0,0,0,0,0,4,1,0,false
D:\Others\assignment\FADI_WEDYAN_OOPS\Final_Project_Repos\xmojo-5.0.0\xmojo-5.0.0\examples\mbeans\standard\src\examples\mbeans\standard\ServerInfo.java,examples.mbeans.standard.ServerInfo,setPort/1[int],false,88,1,2,0,2,3,2,7,0,0,1,2,2,1,0,0,0,1,0,2,1,0,1,0,0,0,6,1,0,false
D:\Others\assignment\FADI_WEDYAN_OOPS\Final_Project_Repos\xmojo-5.0.0\xmojo-5.0.0\examples\mbeans\standard\src\examples\mbeans\standard\ServerInfo.java,examples.mbeans.standard.ServerInfo,getPort/0,false,82,0,0,0,0,1,0,3,1,0,0,0,0,0,0,0,0,0,0,0,0,0,0,0,0,0,3,1,0,false
D:\Others\assignment\FADI_WEDYAN_OOPS\Final_Project_Repos\xmojo-5.0.0\xmojo-5.0.0\examples\mbeans\standard\src\examples\mbeans\standard\ServerInfo.java,examples.mbeans.standard.ServerInfo,stopService/0,false,114,0,2,2,0,1,1,4,0,0,0,1,0,0,0,0,0,0,2,0,1,1,0,0,0,0,9,1,0,false
D:\Others\assignment\FADI_WEDYAN_OOPS\Final_Project_Repos\xmojo-5.0.0\xmojo-5.0.0\examples\mbeans\standard\src\examples\mbeans\standard\ServerInfo.java,examples.mbeans.standard.ServerInfo,ServerInfo/0,true,46,0,1,1,0,1,0,6,0,0,0,0,0,0,0,0,0,0,2,1,4,0,0,0,0,0,8,1,0,false
D:\Others\assignment\FADI_WEDYAN_OOPS\Final_Project_Repos\xmojo-5.0.0\xmojo-5.0.0\examples\mbeans\standard\src\examples\mbeans\standard\ServerInfo.java,examples.mbeans.standard.ServerInfo,getServerName/0,false,64,0,0,0,0,1,0,3,1,0,0,0,0,0,0,0,0,0,0,0,0,0,0,0,0,0,4,1,0,false
D:\Others\assignment\FADI_WEDYAN_OOPS\Final_Project_Repos\xmojo-5.0.0\xmojo-5.0.0\examples\mbeans\standard\src\examples\mbeans\standard\ServerInfo.java,examples.mbeans.standard.ServerInfo,isServerStarted/0,false,76,0,0,0,0,1,0,3,1,0,0,0,0,0,0,0,0,0,0,0,0,0,0,0,0,0,4,1,0,false
D:\Others\assignment\FADI_WEDYAN_OOPS\Final_Project_Repos\xmojo-5.0.0\xmojo-5.0.0\examples\mbeans\standard\src\examples\mbeans\standard\ServerInfo.java,examples.mbeans.standard.ServerInfo,restart/0,false,123,1,2,0,2,1,2,4,0,0,0,2,2,1,0,0,0,0,0,0,0,0,0,0,0,0,4,1,0,false
D:\Others\assignment\FADI_WEDYAN_OOPS\Final_Project_Repos\xmojo-5.0.0\xmojo-5.0.0\examples\mbeans\standard\src\examples\mbeans\standard\ServerInfo.java,examples.mbeans.standard.ServerInfo,startService/0,false,107,0,2,2,0,1,1,4,0,0,0,1,0,0,0,0,0,0,2,0,1,1,0,0,0,0,8,1,0,false
D:\Others\assignment\FADI_WEDYAN_OOPS\Final_Project_Repos\xmojo-5.0.0\xmojo-5.0.0\examples\mbeans\dynamic\src\examples\applications\server\ServerInfo.java,examples.applications.server.ServerInfo,stopService/0,false,111,0,2,2,0,2,1,8,1,0,0,1,0,0,0,1,0,0,3,0,1,1,1,0,0,0,9,1,0,false
D:\Others\assignment\FADI_WEDYAN_OOPS\Final_Project_Repos\xmojo-5.0.0\xmojo-5.0.0\examples\mbeans\dynamic\src\examples\applications\server\ServerInfo.java,examples.applications.server.ServerInfo,restart/0,false,138,1,2,0,2,1,2,6,0,0,0,2,2,2,0,0,0,0,0,0,1,0,0,0,0,0,7,1,0,false
D:\Others\assignment\FADI_WEDYAN_OOPS\Final_Project_Repos\xmojo-5.0.0\xmojo-5.0.0\examples\mbeans\dynamic\src\examples\applications\server\ServerInfo.java,examples.applications.server.ServerInfo,getServerName/0,false,76,0,1,1,0,1,0,3,1,0,0,0,0,0,0,0,0,0,0,0,0,0,0,0,0,0,4,1,0,false
D:\Others\assignment\FADI_WEDYAN_OOPS\Final_Project_Repos\xmojo-5.0.0\xmojo-5.0.0\examples\mbeans\dynamic\src\examples\applications\server\ServerInfo.java,examples.applications.server.ServerInfo,getPort/0,false,88,0,2,2,0,1,0,3,1,0,0,0,0,0,0,0,0,0,0,0,0,0,0,0,0,0,3,1,0,false
D:\Others\assignment\FADI_WEDYAN_OOPS\Final_Project_Repos\xmojo-5.0.0\xmojo-5.0.0\examples\mbeans\dynamic\src\examples\applications\server\ServerInfo.java,examples.applications.server.ServerInfo,getRestartCount/0,false,134,0,1,1,0,1,0,3,1,0,0,0,0,0,0,0,0,0,0,0,0,0,0,0,0,0,4,1,0,false
D:\Others\assignment\FADI_WEDYAN_OOPS\Final_Project_Repos\xmojo-5.0.0\xmojo-5.0.0\examples\mbeans\dynamic\src\examples\applications\server\ServerInfo.java,examples.applications.server.ServerInfo,isServerStarted/0,false,84,0,1,1,0,1,0,3,1,0,0,0,0,0,0,0,0,0,0,0,0,0,0,0,0,0,4,1,0,false
D:\Others\assignment\FADI_WEDYAN_OOPS\Final_Project_Repos\xmojo-5.0.0\xmojo-5.0.0\examples\mbeans\dynamic\src\examples\applications\server\ServerInfo.java,examples.applications.server.ServerInfo,setPort/1[int],false,92,1,3,1,2,1,2,5,0,0,1,2,2,2,0,0,0,0,0,0,1,0,0,0,0,0,6,1,0,false
D:\Others\assignment\FADI_WEDYAN_OOPS\Final_Project_Repos\xmojo-5.0.0\xmojo-5.0.0\examples\mbeans\dynamic\src\examples\applications\server\ServerInfo.java,examples.applications.server.ServerInfo,startService/0,false,98,1,4,2,2,2,3,9,1,0,0,3,2,1,0,0,0,0,4,0,2,2,1,0,0,0,18,1,0,false
D:\Others\assignment\FADI_WEDYAN_OOPS\Final_Project_Repos\xmojo-5.0.0\xmojo-5.0.0\examples\mbeans\dynamic\src\examples\applications\server\ServerInfo.java,examples.applications.server.ServerInfo,getServerUpTime/0,false,125,0,2,2,0,2,2,8,2,0,0,2,0,0,0,1,0,1,0,1,0,1,1,0,0,0,8,1,0,false
D:\Others\assignment\FADI_WEDYAN_OOPS\Final_Project_Repos\xmojo-5.0.0\xmojo-5.0.0\examples\mbeans\dynamic\src\examples\applications\server\ServerInfo.java,examples.applications.server.ServerInfo,getServerId/0,false,80,0,1,1,0,1,0,3,1,0,0,0,0,0,0,0,0,0,0,0,0,0,0,0,0,0,4,1,0,false
D:\Others\assignment\FADI_WEDYAN_OOPS\Final_Project_Repos\xmojo-5.0.0\xmojo-5.0.0\examples\mbeans\dynamic\src\examples\applications\server\ServerInfo.java,examples.applications.server.ServerInfo,getStartTime/0,false,121,0,1,1,0,1,0,3,1,0,0,0,0,0,0,0,0,0,0,0,0,0,0,0,0,0,5,1,0,false
D:\Others\assignment\FADI_WEDYAN_OOPS\Final_Project_Repos\xmojo-5.0.0\xmojo-5.0.0\examples\mbeans\dynamic\src\examples\applications\server\ServerInfo.java,examples.applications.server.ServerInfo,"ServerInfo/4[java.lang.String,java.lang.String,boolean,int]",true,67,0,1,1,0,1,0,6,0,0,4,0,0,0,0,0,0,0,0,0,4,0,0,0,0,0,7,1,0,false
D:\Others\assignment\FADI_WEDYAN_OOPS\Final_Project_Repos\xmojo-5.0.0\xmojo-5.0.0\examples\mbeans\dynamic\src\examples\applications\server\ServerInfo.java,examples.applications.server.ServerInfo,ServerInfo/0,true,59,0,2,2,0,1,0,6,0,0,0,0,0,0,0,0,0,0,2,1,4,0,0,0,0,0,8,1,0,false
D:\Others\assignment\FADI_WEDYAN_OOPS\Final_Project_Repos\xmojo-5.0.0\xmojo-5.0.0\examples\mbeans\dynamic\src\examples\mbeans\dynamic\DynamicServerInfo.java,examples.mbeans.dynamic.DynamicServerInfo,DynamicServerInfo/0,true,80,1,2,1,1,1,0,3,0,0,0,0,0,0,0,0,0,0,0,0,1,0,0,0,0,0,4,1,0,false
D:\Others\assignment\FADI_WEDYAN_OOPS\Final_Project_Repos\xmojo-5.0.0\xmojo-5.0.0\examples\mbeans\dynamic\src\examples\mbeans\dynamic\DynamicServerInfo.java,examples.mbeans.dynamic.DynamicServerInfo,hideDetails/0,false,500,0,0,0,0,1,0,3,0,0,0,0,0,0,0,0,0,0,0,0,1,0,0,0,0,0,4,1,0,false
D:\Others\assignment\FADI_WEDYAN_OOPS\Final_Project_Repos\xmojo-5.0.0\xmojo-5.0.0\examples\mbeans\dynamic\src\examples\mbeans\dynamic\DynamicServerInfo.java,examples.mbeans.dynamic.DynamicServerInfo,getMBeanInfo/0,false,92,2,4,0,4,2,5,14,1,1,0,5,4,1,0,0,1,0,2,0,2,0,1,0,0,0,18,1,0,false
D:\Others\assignment\FADI_WEDYAN_OOPS\Final_Project_Repos\xmojo-5.0.0\xmojo-5.0.0\examples\mbeans\dynamic\src\examples\mbeans\dynamic\DynamicServerInfo.java,examples.mbeans.dynamic.DynamicServerInfo,constructAttributes/0,false,406,1,1,1,0,4,1,20,0,0,0,1,0,0,0,0,0,0,22,9,9,0,2,0,0,0,27,1,0,false
D:\Others\assignment\FADI_WEDYAN_OOPS\Final_Project_Repos\xmojo-5.0.0\xmojo-5.0.0\examples\mbeans\dynamic\src\examples\mbeans\dynamic\DynamicServerInfo.java,examples.mbeans.dynamic.DynamicServerInfo,enableLog/0,false,504,0,0,0,0,1,0,3,0,0,0,0,0,0,0,0,0,0,0,0,1,0,0,0,0,0,4,9,0,false
D:\Others\assignment\FADI_WEDYAN_OOPS\Final_Project_Repos\xmojo-5.0.0\xmojo-5.0.0\examples\mbeans\dynamic\src\examples\mbeans\dynamic\DynamicServerInfo.java,examples.mbeans.dynamic.DynamicServerInfo,showDetails/0,false,496,0,0,0,0,1,0,3,0,0,0,0,0,0,0,0,0,0,0,0,1,0,0,0,0,0,4,1,0,false
D:\Others\assignment\FADI_WEDYAN_OOPS\Final_Project_Repos\xmojo-5.0.0\xmojo-5.0.0\examples\mbeans\dynamic\src\examples\mbeans\dynamic\DynamicServerInfo.java,examples.mbeans.dynamic.DynamicServerInfo,constructOperations/0,false,452,1,1,1,0,4,1,18,0,0,0,1,0,0,0,0,0,0,16,7,7,0,2,0,0,0,21,1,0,false
D:\Others\assignment\FADI_WEDYAN_OOPS\Final_Project_Repos\xmojo-5.0.0\xmojo-5.0.0\examples\mbeans\dynamic\src\examples\mbeans\dynamic\DynamicServerInfo.java,examples.mbeans.dynamic.DynamicServerInfo,constructNotifications/0,false,486,1,1,1,0,1,0,5,0,1,0,0,0,0,0,0,0,0,4,2,3,0,0,0,0,0,15,1,0,false
D:\Others\assignment\FADI_WEDYAN_OOPS\Final_Project_Repos\xmojo-5.0.0\xmojo-5.0.0\examples\mbeans\dynamic\src\examples\mbeans\dynamic\DynamicServerInfo.java,examples.mbeans.dynamic.DynamicServerInfo,constructConstructors/0,false,375,2,1,1,0,1,0,10,0,0,0,0,0,0,0,0,0,0,16,8,8,0,0,0,0,0,24,1,0,false
D:\Others\assignment\FADI_WEDYAN_OOPS\Final_Project_Repos\xmojo-5.0.0\xmojo-5.0.0\examples\mbeans\dynamic\src\examples\mbeans\dynamic\DynamicServerInfo.java,examples.mbeans.dynamic.DynamicServerInfo,"invoke/3[java.lang.String,java.lang.Object[],java.lang.String[]]",false,264,5,0,0,0,28,11,67,3,7,3,11,0,0,1,3,1,0,37,2,11,4,4,0,0,0,53,1,0,false
D:\Others\assignment\FADI_WEDYAN_OOPS\Final_Project_Repos\xmojo-5.0.0\xmojo-5.0.0\examples\mbeans\dynamic\src\examples\mbeans\dynamic\DynamicServerInfo.java,examples.mbeans.dynamic.DynamicServerInfo,getAttribute/1[java.lang.String],false,127,3,8,1,7,12,12,40,8,0,1,12,0,0,0,0,1,0,10,0,0,1,3,0,0,0,22,1,0,false
D:\Others\assignment\FADI_WEDYAN_OOPS\Final_Project_Repos\xmojo-5.0.0\xmojo-5.0.0\examples\mbeans\dynamic\src\examples\mbeans\dynamic\DynamicServerInfo.java,examples.mbeans.dynamic.DynamicServerInfo,"DynamicServerInfo/4[java.lang.String,java.lang.String,boolean,int]",true,85,1,1,0,1,1,0,3,0,0,4,0,0,0,0,0,0,0,0,0,1,0,0,0,0,0,5,1,0,false
D:\Others\assignment\FADI_WEDYAN_OOPS\Final_Project_Repos\xmojo-5.0.0\xmojo-5.0.0\examples\mbeans\dynamic\src\examples\mbeans\dynamic\DynamicServerInfo.java,examples.mbeans.dynamic.DynamicServerInfo,setAttribute/1[examples.mbeans.dynamic.Attribute],false,175,5,2,1,1,9,7,33,0,2,1,7,0,0,0,0,1,1,10,0,2,3,4,0,0,0,32,1,0,false
D:\Others\assignment\FADI_WEDYAN_OOPS\Final_Project_Repos\xmojo-5.0.0\xmojo-5.0.0\examples\mbeans\dynamic\src\examples\mbeans\dynamic\DynamicServerInfo.java,examples.mbeans.dynamic.DynamicServerInfo,setAttributes/1[examples.mbeans.dynamic.AttributeList],false,240,3,1,0,1,4,5,16,1,3,1,5,1,1,1,0,1,0,1,1,3,0,3,0,0,0,13,1,0,false
D:\Others\assignment\FADI_WEDYAN_OOPS\Final_Project_Repos\xmojo-5.0.0\xmojo-5.0.0\examples\mbeans\dynamic\src\examples\mbeans\dynamic\DynamicServerInfo.java,examples.mbeans.dynamic.DynamicServerInfo,getAttributes/1[java.lang.String[]],false,217,3,1,0,1,4,3,16,1,4,1,3,1,1,1,0,1,0,1,1,4,0,3,0,0,0,15,1,0,false
D:\Others\assignment\FADI_WEDYAN_OOPS\Final_Project_Repos\xmojo-5.0.0\xmojo-5.0.0\examples\mbeans\dynamic\src\examples\mbeans\dynamic\DynamicServerInfo.java,examples.mbeans.dynamic.DynamicServerInfo,disableLog/0,false,508,0,1,1,0,1,0,3,0,0,0,0,0,0,0,0,0,0,0,0,1,0,0,0,0,0,4,9,0,false
D:\Others\assignment\FADI_WEDYAN_OOPS\Final_Project_Repos\xmojo-5.0.0\xmojo-5.0.0\examples\mbeans\dynamic\src\examples\agent\RunDynamicAgent.java,examples.agent.RunDynamicAgent,registerAdaptors/0,false,100,1,3,1,2,1,2,4,0,0,0,2,2,1,0,0,0,0,0,0,0,0,0,0,0,0,14,2,0,true
D:\Others\assignment\FADI_WEDYAN_OOPS\Final_Project_Repos\xmojo-5.0.0\xmojo-5.0.0\examples\mbeans\dynamic\src\examples\agent\RunDynamicAgent.java,examples.agent.RunDynamicAgent,registerRMIAdaptor/0,false,108,3,3,1,2,2,4,12,0,0,0,4,0,0,0,0,1,0,2,0,2,0,1,0,0,0,18,2,0,true
D:\Others\assignment\FADI_WEDYAN_OOPS\Final_Project_Repos\xmojo-5.0.0\xmojo-5.0.0\examples\mbeans\dynamic\src\examples\agent\RunDynamicAgent.java,examples.agent.RunDynamicAgent,main/1[java.lang.String[]],false,180,1,5,0,5,1,4,7,0,1,1,4,4,2,0,0,0,0,0,0,1,0,0,0,0,0,11,9,0,true
D:\Others\assignment\FADI_WEDYAN_OOPS\Final_Project_Repos\xmojo-5.0.0\xmojo-5.0.0\examples\mbeans\dynamic\src\examples\agent\RunDynamicAgent.java,examples.agent.RunDynamicAgent,createMBS/0,false,87,0,1,1,0,2,3,10,0,0,0,3,0,0,0,0,1,0,3,0,1,0,1,0,0,0,17,2,0,true
D:\Others\assignment\FADI_WEDYAN_OOPS\Final_Project_Repos\xmojo-5.0.0\xmojo-5.0.0\examples\mbeans\dynamic\src\examples\agent\RunDynamicAgent.java,examples.agent.RunDynamicAgent,RunDynamicAgent/0,true,79,1,2,1,1,1,1,3,0,0,0,1,0,0,0,0,0,0,0,0,0,0,0,0,0,0,5,1,0,false
D:\Others\assignment\FADI_WEDYAN_OOPS\Final_Project_Repos\xmojo-5.0.0\xmojo-5.0.0\examples\mbeans\dynamic\src\examples\agent\RunDynamicAgent.java,examples.agent.RunDynamicAgent,registerHTMLAdaptor/0,false,123,3,5,1,4,2,5,13,0,0,0,5,0,0,0,0,1,0,2,0,2,0,1,0,0,0,23,2,0,true
D:\Others\assignment\FADI_WEDYAN_OOPS\Final_Project_Repos\xmojo-5.0.0\xmojo-5.0.0\examples\mbeans\dynamic\src\examples\agent\RunDynamicAgent.java,examples.agent.RunDynamicAgent,addNotifListeners/0,false,167,2,2,1,1,2,3,10,0,0,0,3,0,0,0,0,1,0,4,0,0,0,1,0,0,0,22,2,0,true
D:\Others\assignment\FADI_WEDYAN_OOPS\Final_Project_Repos\xmojo-5.0.0\xmojo-5.0.0\examples\mbeans\dynamic\src\examples\agent\RunDynamicAgent.java,examples.agent.RunDynamicAgent,registerMBeans/0,false,140,3,5,1,4,3,5,24,0,2,0,5,0,0,0,0,2,0,6,0,4,0,1,0,0,0,24,2,0,true
D:\Others\assignment\FADI_WEDYAN_OOPS\Final_Project_Repos\xmojo-5.0.0\xmojo-5.0.0\tutorials\src\tutorials\mbeans\standard\Cart.java,tutorials.mbeans.standard.Cart,getTotalPrice/0,false,56,2,2,0,2,2,2,5,1,0,0,2,0,0,0,1,0,0,1,0,1,0,1,0,0,0,7,1,0,false
D:\Others\assignment\FADI_WEDYAN_OOPS\Final_Project_Repos\xmojo-5.0.0\xmojo-5.0.0\tutorials\src\tutorials\mbeans\standard\Cart.java,tutorials.mbeans.standard.Cart,"updateItem/2[java.lang.String,java.lang.Integer]",false,72,2,2,0,2,2,2,5,1,0,2,2,0,0,0,1,0,0,1,0,1,0,1,0,0,0,7,1,0,false
D:\Others\assignment\FADI_WEDYAN_OOPS\Final_Project_Repos\xmojo-5.0.0\xmojo-5.0.0\tutorials\src\tutorials\mbeans\standard\Cart.java,tutorials.mbeans.standard.Cart,"addItem/2[java.lang.String,java.lang.Integer]",false,65,2,2,0,2,2,2,5,0,0,2,2,0,0,0,1,0,0,1,0,1,0,1,0,0,0,7,1,0,false
D:\Others\assignment\FADI_WEDYAN_OOPS\Final_Project_Repos\xmojo-5.0.0\xmojo-5.0.0\tutorials\src\tutorials\mbeans\standard\Cart.java,tutorials.mbeans.standard.Cart,reset/0,false,88,2,2,0,2,2,2,5,0,0,0,2,0,0,0,1,0,0,1,0,1,0,1,0,0,0,5,1,0,false
D:\Others\assignment\FADI_WEDYAN_OOPS\Final_Project_Repos\xmojo-5.0.0\xmojo-5.0.0\tutorials\src\tutorials\mbeans\standard\Cart.java,tutorials.mbeans.standard.Cart,getTotalItemCount/0,false,49,2,2,0,2,2,2,5,1,0,0,2,0,0,0,1,0,0,1,0,1,0,1,0,0,0,8,1,0,false
D:\Others\assignment\FADI_WEDYAN_OOPS\Final_Project_Repos\xmojo-5.0.0\xmojo-5.0.0\tutorials\src\tutorials\mbeans\standard\Cart.java,tutorials.mbeans.standard.Cart,getItemsPurchased/0,false,79,2,2,0,2,2,3,7,1,1,0,3,0,0,0,1,0,0,2,0,2,1,1,0,0,0,10,1,0,false
D:\Others\assignment\FADI_WEDYAN_OOPS\Final_Project_Repos\xmojo-5.0.0\xmojo-5.0.0\tutorials\src\tutorials\mbeans\standard\Cart.java,tutorials.mbeans.standard.Cart,Cart/0,true,44,0,1,1,0,1,0,2,0,0,0,0,0,0,0,0,0,0,0,0,0,0,0,0,0,0,1,1,0,false
D:\Others\assignment\FADI_WEDYAN_OOPS\Final_Project_Repos\xmojo-5.0.0\xmojo-5.0.0\examples\mbeans\dynamic\src\examples\mbeans\dynamic\DynamicLogConfig.java,examples.mbeans.dynamic.DynamicLogConfig,getAttribute/1[java.lang.String],false,109,3,6,1,5,11,9,38,6,0,1,9,5,1,0,0,1,0,10,0,0,1,3,0,0,0,31,1,0,false
D:\Others\assignment\FADI_WEDYAN_OOPS\Final_Project_Repos\xmojo-5.0.0\xmojo-5.0.0\examples\mbeans\dynamic\src\examples\mbeans\dynamic\DynamicLogConfig.java,examples.mbeans.dynamic.DynamicLogConfig,getAttributes/1[java.lang.String[]],false,210,3,1,0,1,4,3,16,1,4,1,3,1,2,1,0,1,0,2,1,4,1,3,0,0,0,16,1,0,false
D:\Others\assignment\FADI_WEDYAN_OOPS\Final_Project_Repos\xmojo-5.0.0\xmojo-5.0.0\examples\mbeans\dynamic\src\examples\mbeans\dynamic\DynamicLogConfig.java,examples.mbeans.dynamic.DynamicLogConfig,setLogDirectory/1[java.lang.String],false,579,0,1,1,0,2,1,6,0,0,1,1,0,0,0,0,0,0,2,0,1,1,1,0,0,0,7,1,0,false
D:\Others\assignment\FADI_WEDYAN_OOPS\Final_Project_Repos\xmojo-5.0.0\xmojo-5.0.0\examples\mbeans\dynamic\src\examples\mbeans\dynamic\DynamicLogConfig.java,examples.mbeans.dynamic.DynamicLogConfig,constructConstructors/0,false,370,2,1,1,0,1,0,11,0,0,0,0,0,0,0,0,0,0,19,9,9,0,0,0,0,0,26,1,0,false
D:\Others\assignment\FADI_WEDYAN_OOPS\Final_Project_Repos\xmojo-5.0.0\xmojo-5.0.0\examples\mbeans\dynamic\src\examples\mbeans\dynamic\DynamicLogConfig.java,examples.mbeans.dynamic.DynamicLogConfig,getLogDirectory/0,false,570,0,1,1,0,2,1,6,1,0,0,1,0,0,0,0,0,0,2,0,0,1,1,0,0,0,7,1,0,false
D:\Others\assignment\FADI_WEDYAN_OOPS\Final_Project_Repos\xmojo-5.0.0\xmojo-5.0.0\examples\mbeans\dynamic\src\examples\mbeans\dynamic\DynamicLogConfig.java,examples.mbeans.dynamic.DynamicLogConfig,setAttributes/1[examples.mbeans.dynamic.AttributeList],false,236,3,1,0,1,4,7,16,1,3,1,7,1,2,1,0,1,2,3,1,3,1,3,0,0,0,17,1,0,false
D:\Others\assignment\FADI_WEDYAN_OOPS\Final_Project_Repos\xmojo-5.0.0\xmojo-5.0.0\examples\mbeans\dynamic\src\examples\mbeans\dynamic\DynamicLogConfig.java,examples.mbeans.dynamic.DynamicLogConfig,enableLog/0,false,644,0,0,0,0,1,0,3,0,0,0,0,0,0,0,0,0,0,0,0,1,0,0,0,0,0,4,9,0,false
D:\Others\assignment\FADI_WEDYAN_OOPS\Final_Project_Repos\xmojo-5.0.0\xmojo-5.0.0\examples\mbeans\dynamic\src\examples\mbeans\dynamic\DynamicLogConfig.java,examples.mbeans.dynamic.DynamicLogConfig,disableLog/0,false,648,0,1,1,0,1,0,3,0,0,0,0,0,0,0,0,0,0,0,0,1,0,0,0,0,0,4,9,0,false
D:\Others\assignment\FADI_WEDYAN_OOPS\Final_Project_Repos\xmojo-5.0.0\xmojo-5.0.0\examples\mbeans\dynamic\src\examples\mbeans\dynamic\DynamicLogConfig.java,examples.mbeans.dynamic.DynamicLogConfig,getLogFileName/0,false,552,0,1,1,0,2,1,6,1,0,0,1,0,0,0,0,0,0,2,0,0,1,1,0,0,0,9,1,0,false
D:\Others\assignment\FADI_WEDYAN_OOPS\Final_Project_Repos\xmojo-5.0.0\xmojo-5.0.0\examples\mbeans\dynamic\src\examples\mbeans\dynamic\DynamicLogConfig.java,examples.mbeans.dynamic.DynamicLogConfig,setMaxLines/1[int],false,597,0,1,1,0,2,1,6,0,0,1,1,0,0,0,0,0,0,2,0,1,1,1,0,0,0,8,1,0,false
D:\Others\assignment\FADI_WEDYAN_OOPS\Final_Project_Repos\xmojo-5.0.0\xmojo-5.0.0\examples\mbeans\dynamic\src\examples\mbeans\dynamic\DynamicLogConfig.java,examples.mbeans.dynamic.DynamicLogConfig,constructOperations/0,false,472,1,1,1,0,4,1,15,0,0,0,1,0,0,0,0,0,0,8,3,3,0,2,0,0,0,17,1,0,false
D:\Others\assignment\FADI_WEDYAN_OOPS\Final_Project_Repos\xmojo-5.0.0\xmojo-5.0.0\examples\mbeans\dynamic\src\examples\mbeans\dynamic\DynamicLogConfig.java,examples.mbeans.dynamic.DynamicLogConfig,startLogging/0,false,624,0,0,0,0,2,1,7,1,0,0,1,0,0,0,0,0,0,3,0,1,1,1,0,0,0,8,1,0,false
D:\Others\assignment\FADI_WEDYAN_OOPS\Final_Project_Repos\xmojo-5.0.0\xmojo-5.0.0\examples\mbeans\dynamic\src\examples\mbeans\dynamic\DynamicLogConfig.java,examples.mbeans.dynamic.DynamicLogConfig,getMaxLines/0,false,588,0,1,1,0,2,1,6,1,0,0,1,0,0,0,0,0,0,2,0,0,1,1,0,0,0,8,1,0,false
D:\Others\assignment\FADI_WEDYAN_OOPS\Final_Project_Repos\xmojo-5.0.0\xmojo-5.0.0\examples\mbeans\dynamic\src\examples\mbeans\dynamic\DynamicLogConfig.java,examples.mbeans.dynamic.DynamicLogConfig,"invoke/3[java.lang.String,java.lang.Object[],java.lang.String[]]",false,270,3,0,0,0,34,5,59,2,4,3,5,0,0,1,2,1,1,35,2,7,3,5,0,0,0,47,1,0,false
D:\Others\assignment\FADI_WEDYAN_OOPS\Final_Project_Repos\xmojo-5.0.0\xmojo-5.0.0\examples\mbeans\dynamic\src\examples\mbeans\dynamic\DynamicLogConfig.java,examples.mbeans.dynamic.DynamicLogConfig,constructAttributes/0,false,406,1,1,1,0,4,1,23,0,0,0,1,0,0,0,0,0,0,32,11,11,0,2,0,0,0,28,1,0,false
D:\Others\assignment\FADI_WEDYAN_OOPS\Final_Project_Repos\xmojo-5.0.0\xmojo-5.0.0\examples\mbeans\dynamic\src\examples\mbeans\dynamic\DynamicLogConfig.java,examples.mbeans.dynamic.DynamicLogConfig,setAttribute/1[examples.mbeans.dynamic.Attribute],false,157,3,6,1,5,10,11,39,0,2,1,11,5,1,0,0,1,2,11,0,2,1,4,0,0,0,46,1,0,false
D:\Others\assignment\FADI_WEDYAN_OOPS\Final_Project_Repos\xmojo-5.0.0\xmojo-5.0.0\examples\mbeans\dynamic\src\examples\mbeans\dynamic\DynamicLogConfig.java,examples.mbeans.dynamic.DynamicLogConfig,stopLogging/0,false,634,0,0,0,0,2,1,7,1,0,0,1,0,0,0,0,0,0,3,0,1,1,1,0,0,0,8,1,0,false
D:\Others\assignment\FADI_WEDYAN_OOPS\Final_Project_Repos\xmojo-5.0.0\xmojo-5.0.0\examples\mbeans\dynamic\src\examples\mbeans\dynamic\DynamicLogConfig.java,examples.mbeans.dynamic.DynamicLogConfig,setLogFileName/1[java.lang.String],false,561,0,1,1,0,2,1,6,0,0,1,1,0,0,0,0,0,0,2,0,1,1,1,0,0,0,9,1,0,false
D:\Others\assignment\FADI_WEDYAN_OOPS\Final_Project_Repos\xmojo-5.0.0\xmojo-5.0.0\examples\mbeans\dynamic\src\examples\mbeans\dynamic\DynamicLogConfig.java,examples.mbeans.dynamic.DynamicLogConfig,setRotationLimit/1[int],false,615,0,1,1,0,2,1,6,0,0,1,1,0,0,0,0,0,0,2,0,1,1,1,0,0,0,9,1,0,false
D:\Others\assignment\FADI_WEDYAN_OOPS\Final_Project_Repos\xmojo-5.0.0\xmojo-5.0.0\examples\mbeans\dynamic\src\examples\mbeans\dynamic\DynamicLogConfig.java,examples.mbeans.dynamic.DynamicLogConfig,DynamicLogConfig/0,true,507,0,1,1,0,1,0,7,0,0,0,0,0,0,0,0,0,0,3,2,5,0,0,0,0,0,10,1,0,false
D:\Others\assignment\FADI_WEDYAN_OOPS\Final_Project_Repos\xmojo-5.0.0\xmojo-5.0.0\examples\mbeans\dynamic\src\examples\mbeans\dynamic\DynamicLogConfig.java,examples.mbeans.dynamic.DynamicLogConfig,"DynamicLogConfig/5[java.lang.String,java.lang.String,java.lang.String,int,int]",true,516,0,0,0,0,1,0,7,0,0,5,0,0,0,0,0,0,0,0,0,5,0,0,0,0,0,10,1,0,false
D:\Others\assignment\FADI_WEDYAN_OOPS\Final_Project_Repos\xmojo-5.0.0\xmojo-5.0.0\examples\mbeans\dynamic\src\examples\mbeans\dynamic\DynamicLogConfig.java,examples.mbeans.dynamic.DynamicLogConfig,getRotationLimit/0,false,606,0,1,1,0,2,1,6,1,0,0,1,0,0,0,0,0,0,2,0,0,1,1,0,0,0,9,1,0,false
D:\Others\assignment\FADI_WEDYAN_OOPS\Final_Project_Repos\xmojo-5.0.0\xmojo-5.0.0\examples\mbeans\dynamic\src\examples\mbeans\dynamic\DynamicLogConfig.java,examples.mbeans.dynamic.DynamicLogConfig,getMBeanInfo/0,false,72,2,4,0,4,2,5,14,1,1,0,5,4,1,0,0,1,0,2,0,2,0,1,0,0,0,19,1,0,false
D:\Others\assignment\FADI_WEDYAN_OOPS\Final_Project_Repos\xmojo-5.0.0\xmojo-5.0.0\examples\mbeans\dynamic\src\examples\mbeans\dynamic\DynamicLogConfig.java,examples.mbeans.dynamic.DynamicLogConfig,setLogLevel/1[java.lang.String],false,543,0,1,1,0,2,1,6,0,0,1,1,0,0,0,0,0,0,2,0,1,1,1,0,0,0,7,1,0,false
D:\Others\assignment\FADI_WEDYAN_OOPS\Final_Project_Repos\xmojo-5.0.0\xmojo-5.0.0\examples\mbeans\dynamic\src\examples\mbeans\dynamic\DynamicLogConfig.java,examples.mbeans.dynamic.DynamicLogConfig,getLogLevel/0,false,534,0,1,1,0,2,1,6,1,0,0,1,0,0,0,0,0,0,2,0,0,1,1,0,0,0,7,1,0,false
D:\Others\assignment\FADI_WEDYAN_OOPS\Final_Project_Repos\xmojo-5.0.0\xmojo-5.0.0\examples\mbeans\dynamic\src\examples\mbeans\dynamic\DynamicLogConfig.java,examples.mbeans.dynamic.DynamicLogConfig,constructNotifications/0,false,497,1,1,1,0,1,0,5,0,1,0,0,0,0,0,0,0,0,4,2,3,0,0,0,0,0,12,1,0,false
D:\Others\assignment\FADI_WEDYAN_OOPS\Final_Project_Repos\xmojo-5.0.0\xmojo-5.0.0\examples\notification\src\examples\mbeans\dynamic\NotifSender.java,examples.mbeans.dynamic.NotifSender,getNotificationInfo/0,false,107,1,0,0,0,1,1,3,1,0,0,1,0,0,0,0,0,0,0,0,0,0,0,0,0,0,3,1,0,false
D:\Others\assignment\FADI_WEDYAN_OOPS\Final_Project_Repos\xmojo-5.0.0\xmojo-5.0.0\examples\notification\src\examples\mbeans\dynamic\NotifSender.java,examples.mbeans.dynamic.NotifSender,startService/0,false,70,1,0,0,0,1,5,6,0,0,0,5,0,0,0,0,0,0,2,0,1,0,0,0,0,0,7,1,0,false
D:\Others\assignment\FADI_WEDYAN_OOPS\Final_Project_Repos\xmojo-5.0.0\xmojo-5.0.0\examples\notification\src\examples\mbeans\dynamic\NotifSender.java,examples.mbeans.dynamic.NotifSender,stopService/0,false,83,1,0,0,0,1,5,6,0,0,0,5,0,0,0,0,0,0,2,0,1,0,0,0,0,0,7,1,0,false
D:\Others\assignment\FADI_WEDYAN_OOPS\Final_Project_Repos\xmojo-5.0.0\xmojo-5.0.0\examples\notification\src\examples\mbeans\dynamic\NotifSender.java,examples.mbeans.dynamic.NotifSender,NotifSender/0,true,59,0,1,1,0,1,0,3,0,0,0,0,0,0,0,0,0,0,0,0,0,0,0,0,0,0,2,1,0,false
D:\Others\assignment\FADI_WEDYAN_OOPS\Final_Project_Repos\xmojo-5.0.0\xmojo-5.0.0\examples\notification\src\examples\mbeans\dynamic\NotifSender.java,examples.mbeans.dynamic.NotifSender,"addNotificationListener/3[examples.mbeans.dynamic.NotificationListener,examples.mbeans.dynamic.NotificationFilter,java.lang.Object]",false,98,2,0,0,0,1,1,3,0,0,3,1,0,0,0,0,0,0,0,0,0,0,0,0,0,0,7,1,0,false
D:\Others\assignment\FADI_WEDYAN_OOPS\Final_Project_Repos\xmojo-5.0.0\xmojo-5.0.0\examples\notification\src\examples\mbeans\dynamic\NotifSender.java,examples.mbeans.dynamic.NotifSender,removeNotificationListener/1[examples.mbeans.dynamic.NotificationListener],false,103,1,0,0,0,1,1,3,0,0,1,1,0,0,0,0,0,0,0,0,0,0,0,0,0,0,7,1,0,false
D:\Others\assignment\FADI_WEDYAN_OOPS\Final_Project_Repos\xmojo-5.0.0\xmojo-5.0.0\examples\notification\src\examples\mbeans\dynamic\NotifSender.java,examples.mbeans.dynamic.NotifSender,"NotifSender/4[java.lang.String,java.lang.String,boolean,int]",true,64,0,0,0,0,1,0,3,0,0,4,0,0,0,0,0,0,0,0,0,0,0,0,0,0,0,3,1,0,false
D:\Others\assignment\FADI_WEDYAN_OOPS\Final_Project_Repos\xmojo-5.0.0\xmojo-5.0.0\examples\mbeans\standard\src\examples\agent\RunStandardAgent.java,examples.agent.RunStandardAgent,RunStandardAgent/0,true,80,1,2,1,1,1,1,3,0,0,0,1,0,0,0,0,0,0,0,0,0,0,0,0,0,0,5,1,0,false
D:\Others\assignment\FADI_WEDYAN_OOPS\Final_Project_Repos\xmojo-5.0.0\xmojo-5.0.0\examples\mbeans\standard\src\examples\agent\RunStandardAgent.java,examples.agent.RunStandardAgent,createMBS/0,false,90,0,1,1,0,2,3,10,0,0,0,3,0,0,0,0,1,0,3,0,1,0,1,0,0,0,17,2,0,true
D:\Others\assignment\FADI_WEDYAN_OOPS\Final_Project_Repos\xmojo-5.0.0\xmojo-5.0.0\examples\mbeans\standard\src\examples\agent\RunStandardAgent.java,examples.agent.RunStandardAgent,registerAdaptors/0,false,107,1,3,1,2,1,2,4,0,0,0,2,2,1,0,0,0,0,0,0,0,0,0,0,0,0,14,2,0,true
D:\Others\assignment\FADI_WEDYAN_OOPS\Final_Project_Repos\xmojo-5.0.0\xmojo-5.0.0\examples\mbeans\standard\src\examples\agent\RunStandardAgent.java,examples.agent.RunStandardAgent,registerRMIAdaptor/0,false,116,3,3,1,2,2,4,12,0,0,0,4,0,0,0,0,1,0,2,0,2,0,1,0,0,0,18,2,0,true
D:\Others\assignment\FADI_WEDYAN_OOPS\Final_Project_Repos\xmojo-5.0.0\xmojo-5.0.0\examples\mbeans\standard\src\examples\agent\RunStandardAgent.java,examples.agent.RunStandardAgent,registerHTMLAdaptor/0,false,135,3,5,1,4,2,5,13,0,0,0,5,0,0,0,0,1,0,2,0,2,0,1,0,0,0,23,2,0,true
D:\Others\assignment\FADI_WEDYAN_OOPS\Final_Project_Repos\xmojo-5.0.0\xmojo-5.0.0\examples\mbeans\standard\src\examples\agent\RunStandardAgent.java,examples.agent.RunStandardAgent,registerMBeans/0,false,155,3,4,1,3,3,4,23,0,2,0,4,0,0,0,0,2,0,7,1,4,0,1,0,0,0,26,2,0,true
D:\Others\assignment\FADI_WEDYAN_OOPS\Final_Project_Repos\xmojo-5.0.0\xmojo-5.0.0\examples\mbeans\standard\src\examples\agent\RunStandardAgent.java,examples.agent.RunStandardAgent,main/1[java.lang.String[]],false,188,1,4,0,4,1,3,6,0,1,1,3,3,2,0,0,0,0,0,0,1,0,0,0,0,0,11,9,0,true
D:\Others\assignment\FADI_WEDYAN_OOPS\Final_Project_Repos\xmojo-5.0.0\xmojo-5.0.0\examples\mbeans\model\src\examples\agent\RunModelAgent.java,examples.agent.RunModelAgent,registerHTMLAdaptor/0,false,161,3,5,1,4,2,5,13,0,0,0,5,0,0,0,0,1,0,2,0,2,0,1,0,0,0,23,2,0,true
D:\Others\assignment\FADI_WEDYAN_OOPS\Final_Project_Repos\xmojo-5.0.0\xmojo-5.0.0\examples\mbeans\model\src\examples\agent\RunModelAgent.java,examples.agent.RunModelAgent,registerMBeans/0,false,179,6,4,1,3,3,6,22,0,2,0,6,0,0,0,0,1,0,8,0,6,1,2,0,0,0,33,2,0,true
D:\Others\assignment\FADI_WEDYAN_OOPS\Final_Project_Repos\xmojo-5.0.0\xmojo-5.0.0\examples\mbeans\model\src\examples\agent\RunModelAgent.java,examples.agent.RunModelAgent,createMBS/0,false,124,0,1,1,0,2,3,10,0,0,0,3,0,0,0,0,1,0,3,0,1,0,1,0,0,0,17,2,0,true
D:\Others\assignment\FADI_WEDYAN_OOPS\Final_Project_Repos\xmojo-5.0.0\xmojo-5.0.0\examples\mbeans\model\src\examples\agent\RunModelAgent.java,examples.agent.RunModelAgent,registerAdaptors/0,false,138,1,3,1,2,1,2,4,0,0,0,2,2,1,0,0,0,0,0,0,0,0,0,0,0,0,15,2,0,true
D:\Others\assignment\FADI_WEDYAN_OOPS\Final_Project_Repos\xmojo-5.0.0\xmojo-5.0.0\examples\mbeans\model\src\examples\agent\RunModelAgent.java,examples.agent.RunModelAgent,registerRMIAdaptor/0,false,146,3,3,1,2,2,4,12,0,0,0,4,0,0,0,0,1,0,2,0,2,0,1,0,0,0,18,2,0,true
D:\Others\assignment\FADI_WEDYAN_OOPS\Final_Project_Repos\xmojo-5.0.0\xmojo-5.0.0\examples\mbeans\model\src\examples\agent\RunModelAgent.java,examples.agent.RunModelAgent,main/1[java.lang.String[]],false,216,1,4,0,4,1,3,6,0,1,1,3,3,2,0,0,0,0,0,0,1,0,0,0,0,0,11,9,0,true
D:\Others\assignment\FADI_WEDYAN_OOPS\Final_Project_Repos\xmojo-5.0.0\xmojo-5.0.0\examples\mbeans\model\src\examples\agent\RunModelAgent.java,examples.agent.RunModelAgent,RunModelAgent/1[java.lang.String[]],true,101,1,2,1,1,5,3,12,0,0,1,3,0,0,0,1,1,0,1,2,2,0,3,0,0,0,23,1,0,true
D:\Others\assignment\FADI_WEDYAN_OOPS\Final_Project_Repos\xmojo-5.0.0\xmojo-5.0.0\tutorials\src\tutorials\application\shoppingcart\ShoppingCart.java,tutorials.application.shoppingcart.ShoppingCart,toStringArray/1[java.lang.String],false,220,3,8,2,6,2,6,13,2,2,1,6,1,1,0,1,0,0,0,6,7,0,1,0,0,0,18,1,0,true
D:\Others\assignment\FADI_WEDYAN_OOPS\Final_Project_Repos\xmojo-5.0.0\xmojo-5.0.0\tutorials\src\tutorials\application\shoppingcart\ShoppingCart.java,tutorials.application.shoppingcart.ShoppingCart,"isCellEditable/2[int,int]",false,234,0,0,0,0,1,0,3,1,0,2,0,0,0,0,0,0,0,0,0,0,0,0,0,0,0,5,1,0,false
D:\Others\assignment\FADI_WEDYAN_OOPS\Final_Project_Repos\xmojo-5.0.0\xmojo-5.0.0\tutorials\src\tutorials\application\shoppingcart\ShoppingCart.java,tutorials.application.shoppingcart.ShoppingCart,"updateItem/2[java.lang.String,java.lang.Integer]",false,93,4,11,2,9,3,12,20,2,2,2,12,2,2,0,2,0,0,0,0,6,0,2,0,0,0,28,1,0,true
D:\Others\assignment\FADI_WEDYAN_OOPS\Final_Project_Repos\xmojo-5.0.0\xmojo-5.0.0\tutorials\src\tutorials\application\shoppingcart\ShoppingCart.java,tutorials.application.shoppingcart.ShoppingCart,clearAll/0,false,238,1,2,1,1,2,3,6,0,1,0,3,1,1,1,0,0,1,0,2,1,1,1,0,0,0,8,1,0,false
D:\Others\assignment\FADI_WEDYAN_OOPS\Final_Project_Repos\xmojo-5.0.0\xmojo-5.0.0\tutorials\src\tutorials\application\shoppingcart\ShoppingCart.java,tutorials.application.shoppingcart.ShoppingCart,getTotalItemCount/0,false,195,0,2,2,0,1,0,3,1,0,0,0,0,0,0,0,0,0,0,0,0,0,0,0,0,0,14,1,0,true
D:\Others\assignment\FADI_WEDYAN_OOPS\Final_Project_Repos\xmojo-5.0.0\xmojo-5.0.0\tutorials\src\tutorials\application\shoppingcart\ShoppingCart.java,tutorials.application.shoppingcart.ShoppingCart,getItemAt/1[int],false,160,1,2,2,0,2,1,8,2,0,1,1,0,0,0,0,1,0,0,0,0,0,1,0,0,0,24,1,0,true
D:\Others\assignment\FADI_WEDYAN_OOPS\Final_Project_Repos\xmojo-5.0.0\xmojo-5.0.0\tutorials\src\tutorials\application\shoppingcart\ShoppingCart.java,tutorials.application.shoppingcart.ShoppingCart,getItem/1[java.lang.String],false,173,1,5,4,1,2,2,8,2,2,1,2,0,0,0,1,0,0,0,1,2,0,1,0,0,0,22,1,0,true
D:\Others\assignment\FADI_WEDYAN_OOPS\Final_Project_Repos\xmojo-5.0.0\xmojo-5.0.0\tutorials\src\tutorials\application\shoppingcart\ShoppingCart.java,tutorials.application.shoppingcart.ShoppingCart,setAppRef/1[tutorials.application.shoppingcart.ShoppingCartApplication],false,245,1,2,2,0,1,0,3,0,0,1,0,0,0,0,0,0,0,0,0,1,0,0,0,0,0,7,1,0,false
D:\Others\assignment\FADI_WEDYAN_OOPS\Final_Project_Repos\xmojo-5.0.0\xmojo-5.0.0\tutorials\src\tutorials\application\shoppingcart\ShoppingCart.java,tutorials.application.shoppingcart.ShoppingCart,getItemsPurchased/0,false,187,0,1,1,0,1,0,3,1,0,0,0,0,0,0,0,0,0,0,0,0,0,0,0,0,0,24,1,0,true
D:\Others\assignment\FADI_WEDYAN_OOPS\Final_Project_Repos\xmojo-5.0.0\xmojo-5.0.0\tutorials\src\tutorials\application\shoppingcart\ShoppingCart.java,tutorials.application.shoppingcart.ShoppingCart,ShoppingCart/0,true,53,0,0,0,0,1,1,9,0,0,0,1,0,0,0,0,0,0,5,0,1,0,0,0,0,0,9,1,0,true
D:\Others\assignment\FADI_WEDYAN_OOPS\Final_Project_Repos\xmojo-5.0.0\xmojo-5.0.0\tutorials\src\tutorials\application\shoppingcart\ShoppingCart.java,tutorials.application.shoppingcart.ShoppingCart,getTotalPrice/0,false,203,0,2,2,0,1,0,3,1,0,0,0,0,0,0,0,0,0,0,0,0,0,0,0,0,0,14,1,0,true
D:\Others\assignment\FADI_WEDYAN_OOPS\Final_Project_Repos\xmojo-5.0.0\xmojo-5.0.0\tutorials\src\tutorials\application\shoppingcart\ShoppingCart.java,tutorials.application.shoppingcart.ShoppingCart,removeItemAt/1[int],false,118,2,2,1,1,2,2,10,2,1,1,2,1,1,0,0,1,0,0,0,2,0,1,0,0,0,26,1,0,true
D:\Others\assignment\FADI_WEDYAN_OOPS\Final_Project_Repos\xmojo-5.0.0\xmojo-5.0.0\tutorials\src\tutorials\application\shoppingcart\ShoppingCart.java,tutorials.application.shoppingcart.ShoppingCart,removeItem/1[java.lang.String],false,132,2,2,0,2,1,2,4,1,1,1,2,2,1,0,0,0,0,0,0,1,0,0,0,0,0,16,1,0,true
D:\Others\assignment\FADI_WEDYAN_OOPS\Final_Project_Repos\xmojo-5.0.0\xmojo-5.0.0\tutorials\src\tutorials\application\shoppingcart\ShoppingCart.java,tutorials.application.shoppingcart.ShoppingCart,reset/0,false,210,1,3,2,1,1,2,6,0,0,0,2,0,0,0,0,0,0,0,2,2,0,0,0,0,0,9,1,0,true
D:\Others\assignment\FADI_WEDYAN_OOPS\Final_Project_Repos\xmojo-5.0.0\xmojo-5.0.0\tutorials\src\tutorials\application\shoppingcart\ShoppingCart.java,tutorials.application.shoppingcart.ShoppingCart,"addItem/2[java.lang.String,java.lang.Integer]",false,69,4,7,2,5,8,8,17,0,1,2,8,1,2,0,3,0,6,6,0,3,0,1,0,0,0,33,1,0,true
D:\Others\assignment\FADI_WEDYAN_OOPS\Final_Project_Repos\xmojo-5.0.0\xmojo-5.0.0\tutorials\src\tutorials\application\shoppingcart\ShoppingCart.java,tutorials.application.shoppingcart.ShoppingCart,remove/1[tutorials.application.shoppingcart.ShoppingItem],false,140,3,7,2,5,3,9,14,2,0,1,9,0,0,0,2,0,0,0,0,2,0,1,0,0,0,16,2,0,true
D:\Others\assignment\FADI_WEDYAN_OOPS\Final_Project_Repos\xmojo-5.0.0\xmojo-5.0.0\tutorials\src\tutorials\application\shoppingcart\ShoppingCartApplication.java,tutorials.application.shoppingcart.ShoppingCartApplication$MyTableCellRenderer,"getTableCellRendererComponent/6[javax.swing.JTable,java.lang.Object,boolean,boolean,int,int]",false,484,2,2,0,2,4,8,21,1,3,6,8,1,1,0,3,0,0,1,4,3,1,2,0,0,0,15,1,0,false
D:\Others\assignment\FADI_WEDYAN_OOPS\Final_Project_Repos\xmojo-5.0.0\xmojo-5.0.0\tutorials\src\tutorials\application\shoppingcart\ShoppingCartApplication.java,tutorials.application.shoppingcart.ShoppingCartApplication$MyTableCellRenderer,getPetIcon/1[java.lang.String],false,507,0,1,1,0,2,3,6,1,0,1,3,0,0,0,0,0,0,1,0,0,1,1,0,0,0,5,2,0,false
D:\Others\assignment\FADI_WEDYAN_OOPS\Final_Project_Repos\xmojo-5.0.0\xmojo-5.0.0\tutorials\src\tutorials\application\shoppingcart\ShoppingCartApplication.java,tutorials.application.shoppingcart.ShoppingCartApplication$MyTableCellRenderer,MyTableCellRenderer/0,true,474,0,1,1,0,1,0,4,0,0,0,0,0,0,0,0,0,0,0,0,1,0,0,0,0,0,7,1,0,false
D:\Others\assignment\FADI_WEDYAN_OOPS\Final_Project_Repos\xmojo-5.0.0\xmojo-5.0.0\tutorials\src\tutorials\application\shoppingcart\ShoppingItem.java,tutorials.application.shoppingcart.ShoppingItem,ShoppingItem/0,true,42,0,0,0,0,1,0,2,0,0,0,0,0,0,0,0,0,0,0,0,0,0,0,0,0,0,2,1,0,false
D:\Others\assignment\FADI_WEDYAN_OOPS\Final_Project_Repos\xmojo-5.0.0\xmojo-5.0.0\tutorials\src\tutorials\application\shoppingcart\ShoppingItem.java,tutorials.application.shoppingcart.ShoppingItem,getListPrice/0,false,101,0,4,4,0,1,0,3,1,0,0,0,0,0,0,0,0,0,0,0,0,0,0,0,0,0,15,1,0,true
D:\Others\assignment\FADI_WEDYAN_OOPS\Final_Project_Repos\xmojo-5.0.0\xmojo-5.0.0\tutorials\src\tutorials\application\shoppingcart\ShoppingItem.java,tutorials.application.shoppingcart.ShoppingItem,"ShoppingItem/2[java.lang.String,java.lang.Integer]",true,50,1,4,3,1,3,2,8,0,0,2,2,0,0,0,2,0,0,0,0,4,1,1,0,0,0,17,1,0,true
D:\Others\assignment\FADI_WEDYAN_OOPS\Final_Project_Repos\xmojo-5.0.0\xmojo-5.0.0\tutorials\src\tutorials\application\shoppingcart\ShoppingItem.java,tutorials.application.shoppingcart.ShoppingItem,getUnitCost/0,false,72,0,1,1,0,1,0,3,1,0,0,0,0,0,0,0,0,0,0,0,0,0,0,0,0,0,10,1,0,true
D:\Others\assignment\FADI_WEDYAN_OOPS\Final_Project_Repos\xmojo-5.0.0\xmojo-5.0.0\tutorials\src\tutorials\application\shoppingcart\ShoppingItem.java,tutorials.application.shoppingcart.ShoppingItem,getPetName/0,false,64,0,5,5,0,1,0,3,1,0,0,0,0,0,0,0,0,0,0,0,0,0,0,0,0,0,11,1,0,true
D:\Others\assignment\FADI_WEDYAN_OOPS\Final_Project_Repos\xmojo-5.0.0\xmojo-5.0.0\tutorials\src\tutorials\application\shoppingcart\ShoppingItem.java,tutorials.application.shoppingcart.ShoppingItem,equals/1[java.lang.Object],false,110,1,1,0,1,2,2,9,2,1,1,2,1,1,0,0,0,0,0,0,1,0,1,0,0,0,19,1,0,true
D:\Others\assignment\FADI_WEDYAN_OOPS\Final_Project_Repos\xmojo-5.0.0\xmojo-5.0.0\tutorials\src\tutorials\application\shoppingcart\ShoppingItem.java,tutorials.application.shoppingcart.ShoppingItem,getQuantity/0,false,80,0,5,5,0,1,0,3,1,0,0,0,0,0,0,0,0,0,0,0,0,0,0,0,0,0,10,1,0,true
D:\Others\assignment\FADI_WEDYAN_OOPS\Final_Project_Repos\xmojo-5.0.0\xmojo-5.0.0\tutorials\src\tutorials\application\shoppingcart\ShoppingItem.java,tutorials.application.shoppingcart.ShoppingItem,setQuantity/1[java.lang.Integer],false,88,0,1,1,0,3,1,6,0,0,1,1,0,0,0,2,0,0,0,0,2,1,1,0,0,0,14,1,0,true
D:\Others\assignment\FADI_WEDYAN_OOPS\Final_Project_Repos\xmojo-5.0.0\xmojo-5.0.0\tutorials\src\tutorials\application\shoppingcart\ShoppingItem.java,tutorials.application.shoppingcart.ShoppingItem,toString/0,false,123,0,0,0,0,1,0,3,1,0,0,0,0,0,0,0,0,0,0,0,0,0,0,0,0,0,12,1,0,true
D:\Others\assignment\FADI_WEDYAN_OOPS\Final_Project_Repos\xmojo-5.0.0\xmojo-5.0.0\tutorials\src\tutorials\application\shoppingcart\Store.java,tutorials.application.shoppingcart.Store,getImageName/1[java.lang.String],false,120,1,3,2,1,1,1,3,1,0,1,1,0,0,0,0,0,0,0,0,0,0,0,0,0,0,19,9,0,true
D:\Others\assignment\FADI_WEDYAN_OOPS\Final_Project_Repos\xmojo-5.0.0\xmojo-5.0.0\tutorials\src\tutorials\application\shoppingcart\Store.java,tutorials.application.shoppingcart.Store,(initializer 1),false,67,2,2,0,2,1,3,19,0,0,0,3,1,1,0,0,0,0,0,0,4,0,0,0,0,0,28,8,0,false
D:\Others\assignment\FADI_WEDYAN_OOPS\Final_Project_Repos\xmojo-5.0.0\xmojo-5.0.0\tutorials\src\tutorials\application\shoppingcart\Store.java,tutorials.application.shoppingcart.Store,getItems/0,false,93,0,1,1,0,1,0,3,1,0,0,0,0,0,0,0,0,0,0,0,0,0,0,0,0,0,10,9,0,true
D:\Others\assignment\FADI_WEDYAN_OOPS\Final_Project_Repos\xmojo-5.0.0\xmojo-5.0.0\tutorials\src\tutorials\application\shoppingcart\Store.java,tutorials.application.shoppingcart.Store,"decreaseStock/2[java.lang.String,java.lang.Integer]",false,153,2,4,2,2,4,3,14,0,2,2,3,1,1,0,3,0,0,1,1,3,1,1,0,0,0,42,9,0,true
D:\Others\assignment\FADI_WEDYAN_OOPS\Final_Project_Repos\xmojo-5.0.0\xmojo-5.0.0\tutorials\src\tutorials\application\shoppingcart\Store.java,tutorials.application.shoppingcart.Store,"increaseStock/2[java.lang.String,java.lang.Integer]",false,131,2,5,3,2,4,3,14,0,2,2,3,1,1,0,3,0,0,1,1,3,1,1,0,0,0,41,9,0,true
D:\Others\assignment\FADI_WEDYAN_OOPS\Final_Project_Repos\xmojo-5.0.0\xmojo-5.0.0\tutorials\src\tutorials\application\shoppingcart\Store.java,tutorials.application.shoppingcart.Store,resetInventory/0,false,171,1,3,2,1,1,1,6,0,0,0,1,0,0,0,0,0,0,0,0,0,0,0,0,0,0,24,9,0,true
D:\Others\assignment\FADI_WEDYAN_OOPS\Final_Project_Repos\xmojo-5.0.0\xmojo-5.0.0\tutorials\src\tutorials\application\shoppingcart\Store.java,tutorials.application.shoppingcart.Store,getInventoryLevel/1[java.lang.String],false,102,1,7,6,1,1,1,3,1,0,1,1,0,0,0,0,0,0,0,0,0,0,0,0,0,0,22,9,0,true
D:\Others\assignment\FADI_WEDYAN_OOPS\Final_Project_Repos\xmojo-5.0.0\xmojo-5.0.0\tutorials\src\tutorials\application\shoppingcart\Store.java,tutorials.application.shoppingcart.Store,getUnitPrice/1[java.lang.String],false,111,1,5,4,1,1,1,3,1,0,1,1,0,0,0,0,0,0,0,0,0,0,0,0,0,0,20,9,0,true
D:\Others\assignment\FADI_WEDYAN_OOPS\Final_Project_Repos\xmojo-5.0.0\xmojo-5.0.0\examples\mbeans\standard\src\examples\mbeans\standard\OverloadedMBean.java,examples.mbeans.standard.OverloadedMBean,getState/1[int],false,45,0,0,0,0,1,0,1,0,0,1,0,0,0,0,0,0,0,0,0,0,0,0,0,0,0,3,1,0,false
D:\Others\assignment\FADI_WEDYAN_OOPS\Final_Project_Repos\xmojo-5.0.0\xmojo-5.0.0\examples\mbeans\standard\src\examples\mbeans\standard\OverloadedMBean.java,examples.mbeans.standard.OverloadedMBean,getState/0,false,39,0,0,0,0,1,0,1,0,0,0,0,0,0,0,0,0,0,0,0,0,0,0,0,0,0,2,1,0,false
D:\Others\assignment\FADI_WEDYAN_OOPS\Final_Project_Repos\xmojo-5.0.0\xmojo-5.0.0\examples\mbeans\standard\src\examples\mbeans\standard\OverloadedMBean.java,examples.mbeans.standard.OverloadedMBean,setPassword/1[java.lang.String],false,41,0,0,0,0,1,0,1,0,0,1,0,0,0,0,0,0,0,0,0,0,0,0,0,0,0,3,1,0,false
D:\Others\assignment\FADI_WEDYAN_OOPS\Final_Project_Repos\xmojo-5.0.0\xmojo-5.0.0\examples\mbeans\standard\src\examples\mbeans\standard\OverloadedMBean.java,examples.mbeans.standard.OverloadedMBean,"setPassword/2[java.lang.String,java.lang.String]",false,47,0,0,0,0,1,0,1,0,0,2,0,0,0,0,0,0,0,0,0,0,0,0,0,0,0,3,1,0,false
D:\Others\assignment\FADI_WEDYAN_OOPS\Final_Project_Repos\xmojo-5.0.0\xmojo-5.0.0\tutorials\src\tutorials\application\shoppingcart\StringWrapper.java,tutorials.application.shoppingcart.StringWrapper,StringWrapper/1[java.lang.String],true,42,0,7,7,0,1,2,4,0,0,1,2,0,0,0,0,0,0,0,0,2,0,0,0,0,0,12,1,0,true
D:\Others\assignment\FADI_WEDYAN_OOPS\Final_Project_Repos\xmojo-5.0.0\xmojo-5.0.0\tutorials\src\tutorials\application\shoppingcart\StringWrapper.java,tutorials.application.shoppingcart.StringWrapper,hashCode/0,false,51,0,0,0,0,1,0,3,1,0,0,0,0,0,0,0,0,0,0,0,0,0,0,0,0,0,9,17,0,true
D:\Others\assignment\FADI_WEDYAN_OOPS\Final_Project_Repos\xmojo-5.0.0\xmojo-5.0.0\tutorials\src\tutorials\application\shoppingcart\StringWrapper.java,tutorials.application.shoppingcart.StringWrapper,equals/1[java.lang.Object],false,61,1,0,0,0,2,1,9,2,1,1,1,0,0,0,0,0,0,0,0,1,0,1,0,0,0,31,17,0,true
D:\Others\assignment\FADI_WEDYAN_OOPS\Final_Project_Repos\xmojo-5.0.0\xmojo-5.0.0\examples\mbeans\standard\src\examples\mbeans\standard\Overloaded.java,examples.mbeans.standard.Overloaded,getState/0,false,54,0,0,0,0,1,0,3,1,0,0,0,0,0,0,0,0,0,0,0,0,0,0,0,0,0,3,1,0,false
D:\Others\assignment\FADI_WEDYAN_OOPS\Final_Project_Repos\xmojo-5.0.0\xmojo-5.0.0\examples\mbeans\standard\src\examples\mbeans\standard\Overloaded.java,examples.mbeans.standard.Overloaded,setPassword/1[java.lang.String],false,65,0,0,0,0,1,0,3,0,0,1,0,0,0,0,0,0,0,0,0,1,0,0,0,0,0,3,1,0,false
D:\Others\assignment\FADI_WEDYAN_OOPS\Final_Project_Repos\xmojo-5.0.0\xmojo-5.0.0\examples\mbeans\standard\src\examples\mbeans\standard\Overloaded.java,examples.mbeans.standard.Overloaded,"setPassword/2[java.lang.String,java.lang.String]",false,70,0,0,0,0,5,2,16,0,0,2,2,0,0,0,0,0,0,8,0,1,3,2,0,0,0,17,1,0,false
D:\Others\assignment\FADI_WEDYAN_OOPS\Final_Project_Repos\xmojo-5.0.0\xmojo-5.0.0\examples\mbeans\standard\src\examples\mbeans\standard\Overloaded.java,examples.mbeans.standard.Overloaded,getState/1[int],false,59,0,0,0,0,1,0,4,1,0,1,0,0,0,0,0,0,0,0,0,1,0,0,0,0,0,4,1,0,false
D:\Others\assignment\FADI_WEDYAN_OOPS\Final_Project_Repos\xmojo-5.0.0\xmojo-5.0.0\examples\mbeans\standard\src\examples\mbeans\standard\Overloaded.java,examples.mbeans.standard.Overloaded,disableLog/0,false,100,0,0,0,0,1,0,3,0,0,0,0,0,0,0,0,0,0,0,0,1,0,0,0,0,0,4,9,0,false
D:\Others\assignment\FADI_WEDYAN_OOPS\Final_Project_Repos\xmojo-5.0.0\xmojo-5.0.0\examples\mbeans\standard\src\examples\mbeans\standard\Overloaded.java,examples.mbeans.standard.Overloaded,"Overloaded/2[int,java.lang.String]",true,46,0,1,1,0,1,0,4,0,0,2,0,0,0,0,0,0,0,0,0,2,0,0,0,0,0,3,1,0,false
D:\Others\assignment\FADI_WEDYAN_OOPS\Final_Project_Repos\xmojo-5.0.0\xmojo-5.0.0\examples\mbeans\standard\src\examples\mbeans\standard\Overloaded.java,examples.mbeans.standard.Overloaded,enableLog/0,false,95,0,1,1,0,1,0,3,0,0,0,0,0,0,0,0,0,0,0,0,1,0,0,0,0,0,4,9,0,false
D:\Others\assignment\FADI_WEDYAN_OOPS\Final_Project_Repos\xmojo-5.0.0\xmojo-5.0.0\examples\notification\src\examples\mbeans\dynamic\DynamicServerInfo.java,DynamicServerInfo,getMBeanInfo/0,false,88,1,0,0,0,3,6,17,1,1,0,6,4,1,0,0,1,0,3,0,2,0,1,0,0,0,19,1,0,false
D:\Others\assignment\FADI_WEDYAN_OOPS\Final_Project_Repos\xmojo-5.0.0\xmojo-5.0.0\examples\notification\src\examples\mbeans\dynamic\DynamicServerInfo.java,DynamicServerInfo,isServerStarted/0,false,490,0,0,0,0,1,0,3,1,0,0,0,0,0,0,0,0,0,0,0,0,0,0,0,0,0,4,1,0,false
D:\Others\assignment\FADI_WEDYAN_OOPS\Final_Project_Repos\xmojo-5.0.0\xmojo-5.0.0\examples\notification\src\examples\mbeans\dynamic\DynamicServerInfo.java,DynamicServerInfo,getStartTime/0,false,527,1,0,0,0,1,1,3,1,0,0,1,0,0,0,0,0,0,0,0,0,0,0,0,0,0,3,1,0,false
D:\Others\assignment\FADI_WEDYAN_OOPS\Final_Project_Repos\xmojo-5.0.0\xmojo-5.0.0\examples\notification\src\examples\mbeans\dynamic\DynamicServerInfo.java,DynamicServerInfo,constructAttributes/0,false,369,1,0,0,0,4,1,20,0,0,0,1,0,0,0,0,0,0,22,9,9,0,2,0,0,0,27,1,0,false
D:\Others\assignment\FADI_WEDYAN_OOPS\Final_Project_Repos\xmojo-5.0.0\xmojo-5.0.0\examples\notification\src\examples\mbeans\dynamic\DynamicServerInfo.java,DynamicServerInfo,setPort/1[int],false,498,0,0,0,0,1,2,5,0,0,1,2,2,1,0,0,0,0,0,0,1,0,0,0,0,0,6,1,0,false
D:\Others\assignment\FADI_WEDYAN_OOPS\Final_Project_Repos\xmojo-5.0.0\xmojo-5.0.0\examples\notification\src\examples\mbeans\dynamic\DynamicServerInfo.java,DynamicServerInfo,startService/0,false,504,1,0,0,0,1,1,5,0,0,0,1,0,0,0,0,0,0,2,0,2,1,0,0,0,0,10,1,0,false
D:\Others\assignment\FADI_WEDYAN_OOPS\Final_Project_Repos\xmojo-5.0.0\xmojo-5.0.0\examples\notification\src\examples\mbeans\dynamic\DynamicServerInfo.java,DynamicServerInfo,getServerUpTime/0,false,531,0,0,0,0,1,2,3,1,0,0,2,0,0,0,0,0,1,0,0,0,1,0,0,0,0,4,1,0,false
D:\Others\assignment\FADI_WEDYAN_OOPS\Final_Project_Repos\xmojo-5.0.0\xmojo-5.0.0\examples\notification\src\examples\mbeans\dynamic\DynamicServerInfo.java,DynamicServerInfo,getServerId/0,false,486,1,0,0,0,1,0,3,1,0,0,0,0,0,0,0,0,0,0,0,0,0,0,0,0,0,4,1,0,false
D:\Others\assignment\FADI_WEDYAN_OOPS\Final_Project_Repos\xmojo-5.0.0\xmojo-5.0.0\examples\notification\src\examples\mbeans\dynamic\DynamicServerInfo.java,DynamicServerInfo,stopService/0,false,511,0,0,0,0,1,1,4,0,0,0,1,0,0,0,0,0,0,2,0,1,1,0,0,0,0,8,1,0,false
D:\Others\assignment\FADI_WEDYAN_OOPS\Final_Project_Repos\xmojo-5.0.0\xmojo-5.0.0\examples\notification\src\examples\mbeans\dynamic\DynamicServerInfo.java,DynamicServerInfo,constructOperations/0,false,417,1,0,0,0,4,1,18,0,0,0,1,0,0,0,0,0,0,16,7,7,0,2,0,0,0,21,1,0,false
D:\Others\assignment\FADI_WEDYAN_OOPS\Final_Project_Repos\xmojo-5.0.0\xmojo-5.0.0\examples\notification\src\examples\mbeans\dynamic\DynamicServerInfo.java,DynamicServerInfo,getServerName/0,false,482,1,0,0,0,1,0,3,1,0,0,0,0,0,0,0,0,0,0,0,0,0,0,0,0,0,4,1,0,false
D:\Others\assignment\FADI_WEDYAN_OOPS\Final_Project_Repos\xmojo-5.0.0\xmojo-5.0.0\examples\notification\src\examples\mbeans\dynamic\DynamicServerInfo.java,DynamicServerInfo,getRestartCount/0,false,535,0,0,0,0,1,0,3,1,0,0,0,0,0,0,0,0,0,0,0,0,0,0,0,0,0,4,1,0,false
D:\Others\assignment\FADI_WEDYAN_OOPS\Final_Project_Repos\xmojo-5.0.0\xmojo-5.0.0\examples\notification\src\examples\mbeans\dynamic\DynamicServerInfo.java,DynamicServerInfo,restart/0,false,539,1,0,0,0,1,2,6,0,0,0,2,2,1,0,0,0,0,0,0,1,0,0,0,0,0,7,1,0,false
D:\Others\assignment\FADI_WEDYAN_OOPS\Final_Project_Repos\xmojo-5.0.0\xmojo-5.0.0\examples\notification\src\examples\mbeans\dynamic\DynamicServerInfo.java,DynamicServerInfo,setAttributes/1[AttributeList],false,239,2,0,0,0,4,5,16,1,3,1,5,0,0,1,0,1,0,1,1,3,0,3,0,0,0,13,1,0,false
D:\Others\assignment\FADI_WEDYAN_OOPS\Final_Project_Repos\xmojo-5.0.0\xmojo-5.0.0\examples\notification\src\examples\mbeans\dynamic\DynamicServerInfo.java,DynamicServerInfo,"invoke/3[String,Object[],String[]]",false,264,8,0,0,0,24,6,44,2,4,3,6,0,0,1,2,1,0,27,2,7,3,4,0,0,0,48,1,0,false
D:\Others\assignment\FADI_WEDYAN_OOPS\Final_Project_Repos\xmojo-5.0.0\xmojo-5.0.0\examples\notification\src\examples\mbeans\dynamic\DynamicServerInfo.java,DynamicServerInfo,getAttributes/1[String[]],false,216,3,0,0,0,4,3,16,1,4,1,3,0,0,1,0,1,0,1,1,4,0,3,0,0,0,15,1,0,false
D:\Others\assignment\FADI_WEDYAN_OOPS\Final_Project_Repos\xmojo-5.0.0\xmojo-5.0.0\examples\notification\src\examples\mbeans\dynamic\DynamicServerInfo.java,DynamicServerInfo,DynamicServerInfo/0,true,465,0,0,0,0,1,0,6,0,0,0,0,0,0,0,0,0,0,2,1,4,0,0,0,0,0,9,1,0,false
D:\Others\assignment\FADI_WEDYAN_OOPS\Final_Project_Repos\xmojo-5.0.0\xmojo-5.0.0\examples\notification\src\examples\mbeans\dynamic\DynamicServerInfo.java,DynamicServerInfo,constructNotifications/0,false,453,2,0,0,0,1,0,5,0,1,0,0,0,0,0,0,0,0,4,2,3,0,0,0,0,0,12,1,0,false
D:\Others\assignment\FADI_WEDYAN_OOPS\Final_Project_Repos\xmojo-5.0.0\xmojo-5.0.0\examples\notification\src\examples\mbeans\dynamic\DynamicServerInfo.java,DynamicServerInfo,showDetails/0,false,517,0,0,0,0,1,0,3,0,0,0,0,0,0,0,0,0,0,0,0,1,0,0,0,0,0,4,1,0,false
D:\Others\assignment\FADI_WEDYAN_OOPS\Final_Project_Repos\xmojo-5.0.0\xmojo-5.0.0\examples\notification\src\examples\mbeans\dynamic\DynamicServerInfo.java,DynamicServerInfo,getAttribute/1[String],false,123,6,0,0,0,12,12,40,8,0,1,12,7,1,0,0,1,0,10,0,0,1,3,0,0,0,32,1,0,false
D:\Others\assignment\FADI_WEDYAN_OOPS\Final_Project_Repos\xmojo-5.0.0\xmojo-5.0.0\examples\notification\src\examples\mbeans\dynamic\DynamicServerInfo.java,DynamicServerInfo,constructConstructors/0,false,338,2,0,0,0,1,0,10,0,0,0,0,0,0,0,0,0,0,16,8,8,0,0,0,0,0,24,1,0,false
D:\Others\assignment\FADI_WEDYAN_OOPS\Final_Project_Repos\xmojo-5.0.0\xmojo-5.0.0\examples\notification\src\examples\mbeans\dynamic\DynamicServerInfo.java,DynamicServerInfo,enableLog/0,false,546,0,0,0,0,1,0,3,0,0,0,0,0,0,0,0,0,0,0,0,1,0,0,0,0,0,4,9,0,false
D:\Others\assignment\FADI_WEDYAN_OOPS\Final_Project_Repos\xmojo-5.0.0\xmojo-5.0.0\examples\notification\src\examples\mbeans\dynamic\DynamicServerInfo.java,DynamicServerInfo,setAttribute/1[Attribute],false,172,6,0,0,0,9,8,35,0,2,1,8,0,0,0,0,1,1,13,0,2,4,4,0,0,0,33,1,0,false
D:\Others\assignment\FADI_WEDYAN_OOPS\Final_Project_Repos\xmojo-5.0.0\xmojo-5.0.0\examples\notification\src\examples\mbeans\dynamic\DynamicServerInfo.java,DynamicServerInfo,disableLog/0,false,550,0,0,0,0,1,0,3,0,0,0,0,0,0,0,0,0,0,0,0,1,0,0,0,0,0,4,9,0,false
D:\Others\assignment\FADI_WEDYAN_OOPS\Final_Project_Repos\xmojo-5.0.0\xmojo-5.0.0\examples\notification\src\examples\mbeans\dynamic\DynamicServerInfo.java,DynamicServerInfo,"DynamicServerInfo/4[String,String,boolean,int]",true,473,0,0,0,0,1,0,6,0,0,4,0,0,0,0,0,0,0,0,0,4,0,0,0,0,0,8,1,0,false
D:\Others\assignment\FADI_WEDYAN_OOPS\Final_Project_Repos\xmojo-5.0.0\xmojo-5.0.0\examples\notification\src\examples\mbeans\dynamic\DynamicServerInfo.java,DynamicServerInfo,hideDetails/0,false,521,0,0,0,0,1,0,3,0,0,0,0,0,0,0,0,0,0,0,0,1,0,0,0,0,0,4,1,0,false
D:\Others\assignment\FADI_WEDYAN_OOPS\Final_Project_Repos\xmojo-5.0.0\xmojo-5.0.0\examples\notification\src\examples\mbeans\dynamic\DynamicServerInfo.java,DynamicServerInfo,getPort/0,false,494,0,0,0,0,1,0,3,1,0,0,0,0,0,0,0,0,0,0,0,0,0,0,0,0,0,3,1,0,false
D:\Others\assignment\FADI_WEDYAN_OOPS\Final_Project_Repos\xmojo-5.0.0\xmojo-5.0.0\examples\mbeans\dynamic\src\examples\mbeans\dynamic\ServerStateChangeListener.java,examples.mbeans.dynamic.ServerStateChangeListener,"handleNotification/2[examples.mbeans.dynamic.Notification,java.lang.Object]",false,40,1,0,0,0,1,4,5,0,0,2,4,0,0,0,0,0,0,3,0,0,2,0,0,0,0,8,1,0,false
D:\Others\assignment\FADI_WEDYAN_OOPS\Final_Project_Repos\xmojo-5.0.0\xmojo-5.0.0\tutorials\src\tutorials\application\shoppingcart\ShoppingCartApplication.java,tutorials.application.shoppingcart.ShoppingCartApplication$Anonymous2,"getCellRenderer/2[int,int]",false,406,0,0,0,0,1,0,3,1,0,2,0,0,0,0,0,0,0,0,0,0,0,0,0,0,0,6,1,0,false
D:\Others\assignment\FADI_WEDYAN_OOPS\Final_Project_Repos\xmojo-5.0.0\xmojo-5.0.0\examples\notification\src\examples\agent\NotifFilter.java,examples.agent.NotifFilter,isNotificationEnabled/1[examples.agent.Notification],false,48,1,0,0,0,2,2,8,2,0,1,2,0,0,0,0,0,1,0,0,0,0,1,0,0,0,7,1,0,false
D:\Others\assignment\FADI_WEDYAN_OOPS\Final_Project_Repos\xmojo-5.0.0\xmojo-5.0.0\examples\notification\src\examples\agent\NotifFilter.java,examples.agent.NotifFilter,NotifFilter/1[java.lang.String],true,42,0,1,1,0,1,0,3,0,0,1,0,0,0,0,0,0,0,0,0,1,0,0,0,0,0,5,1,0,false
D:\Others\assignment\FADI_WEDYAN_OOPS\Final_Project_Repos\xmojo-5.0.0\xmojo-5.0.0\tutorials\src\tutorials\agent\RunAgent.java,tutorials.agent.CartInvoker,run/0,false,236,1,1,0,1,2,2,8,0,0,0,2,0,0,0,0,1,0,0,0,0,0,1,0,0,0,4,1,0,false
D:\Others\assignment\FADI_WEDYAN_OOPS\Final_Project_Repos\xmojo-5.0.0\xmojo-5.0.0\tutorials\src\tutorials\agent\RunAgent.java,tutorials.agent.CartInvoker,CartInvoker/1[java.lang.String[]],true,233,0,1,1,0,1,0,3,0,0,1,0,0,0,0,0,0,0,0,0,1,0,0,0,0,0,3,0,0,false
D:\Others\assignment\FADI_WEDYAN_OOPS\Final_Project_Repos\xmojo-5.0.0\xmojo-5.0.0\tutorials\src\tutorials\mbeans\dynamic\InventoryManager.java,tutorials.mbeans.dynamic.InventoryManager,setAttribute/1[tutorials.mbeans.dynamic.Attribute],false,198,2,1,1,0,2,4,11,0,2,1,4,0,0,0,0,1,0,2,0,2,0,1,0,0,0,19,1,0,false
D:\Others\assignment\FADI_WEDYAN_OOPS\Final_Project_Repos\xmojo-5.0.0\xmojo-5.0.0\tutorials\src\tutorials\mbeans\dynamic\InventoryManager.java,tutorials.mbeans.dynamic.InventoryManager,"invoke/3[java.lang.String,java.lang.Object[],java.lang.String[]]",false,275,3,1,0,1,12,6,34,2,4,3,6,1,1,1,2,1,0,12,2,7,1,4,0,0,0,29,1,0,false
D:\Others\assignment\FADI_WEDYAN_OOPS\Final_Project_Repos\xmojo-5.0.0\xmojo-5.0.0\tutorials\src\tutorials\mbeans\dynamic\InventoryManager.java,tutorials.mbeans.dynamic.InventoryManager,checkInventoryLevel/0,false,400,1,3,2,1,3,3,11,3,1,0,3,0,0,0,0,1,1,0,1,1,0,2,0,0,0,10,1,0,false
D:\Others\assignment\FADI_WEDYAN_OOPS\Final_Project_Repos\xmojo-5.0.0\xmojo-5.0.0\tutorials\src\tutorials\mbeans\dynamic\InventoryManager.java,tutorials.mbeans.dynamic.InventoryManager,setAttributes/1[tutorials.mbeans.dynamic.AttributeList],false,247,3,1,0,1,3,7,14,1,3,1,7,1,1,1,0,1,2,3,1,3,1,2,0,0,0,16,1,0,false
D:\Others\assignment\FADI_WEDYAN_OOPS\Final_Project_Repos\xmojo-5.0.0\xmojo-5.0.0\tutorials\src\tutorials\mbeans\dynamic\InventoryManager.java,tutorials.mbeans.dynamic.InventoryManager,postDeregister/0,false,445,0,0,0,0,1,1,3,0,0,0,1,0,0,0,0,0,0,1,0,0,0,0,0,0,0,2,1,0,false
D:\Others\assignment\FADI_WEDYAN_OOPS\Final_Project_Repos\xmojo-5.0.0\xmojo-5.0.0\tutorials\src\tutorials\mbeans\dynamic\InventoryManager.java,tutorials.mbeans.dynamic.InventoryManager,constructConstructors/0,false,340,2,1,1,0,1,0,6,0,0,0,0,0,0,0,0,0,0,5,4,4,0,0,0,0,0,16,1,0,false
D:\Others\assignment\FADI_WEDYAN_OOPS\Final_Project_Repos\xmojo-5.0.0\xmojo-5.0.0\tutorials\src\tutorials\mbeans\dynamic\InventoryManager.java,tutorials.mbeans.dynamic.InventoryManager,constructNotifications/0,false,424,1,1,1,0,1,0,3,0,0,0,0,0,0,0,0,0,0,0,1,1,0,0,0,0,0,8,1,0,false
D:\Others\assignment\FADI_WEDYAN_OOPS\Final_Project_Repos\xmojo-5.0.0\xmojo-5.0.0\tutorials\src\tutorials\mbeans\dynamic\InventoryManager.java,tutorials.mbeans.dynamic.InventoryManager,preDeregister/0,false,440,0,0,0,0,1,1,3,0,0,0,1,0,0,0,0,0,0,1,0,0,0,0,0,0,0,3,1,0,false
D:\Others\assignment\FADI_WEDYAN_OOPS\Final_Project_Repos\xmojo-5.0.0\xmojo-5.0.0\tutorials\src\tutorials\mbeans\dynamic\InventoryManager.java,tutorials.mbeans.dynamic.InventoryManager,InventoryManager/1[java.lang.String],true,75,0,1,1,0,1,0,3,0,0,1,0,0,0,0,0,0,0,0,0,1,0,0,0,0,0,5,1,0,false
D:\Others\assignment\FADI_WEDYAN_OOPS\Final_Project_Repos\xmojo-5.0.0\xmojo-5.0.0\tutorials\src\tutorials\mbeans\dynamic\InventoryManager.java,tutorials.mbeans.dynamic.InventoryManager,increaseStock/1[java.lang.Integer],false,419,1,1,0,1,1,1,3,0,0,1,1,0,0,0,0,0,0,0,0,0,0,0,0,0,0,4,1,0,false
D:\Others\assignment\FADI_WEDYAN_OOPS\Final_Project_Repos\xmojo-5.0.0\xmojo-5.0.0\tutorials\src\tutorials\mbeans\dynamic\InventoryManager.java,tutorials.mbeans.dynamic.InventoryManager,"preRegister/2[tutorials.mbeans.dynamic.MBeanServer,tutorials.mbeans.dynamic.ObjectName]",false,429,2,0,0,0,1,1,4,1,0,2,1,0,0,0,0,0,0,2,0,0,1,0,0,0,0,11,1,0,false
D:\Others\assignment\FADI_WEDYAN_OOPS\Final_Project_Repos\xmojo-5.0.0\xmojo-5.0.0\tutorials\src\tutorials\mbeans\dynamic\InventoryManager.java,tutorials.mbeans.dynamic.InventoryManager,getAttributes/1[java.lang.String[]],false,221,3,1,0,1,3,3,14,1,4,1,3,1,1,1,0,1,0,2,1,4,1,2,0,0,0,15,1,0,false
D:\Others\assignment\FADI_WEDYAN_OOPS\Final_Project_Repos\xmojo-5.0.0\xmojo-5.0.0\tutorials\src\tutorials\mbeans\dynamic\InventoryManager.java,tutorials.mbeans.dynamic.InventoryManager,constructAttributes/0,false,354,1,1,1,0,1,0,7,0,0,0,0,0,0,0,0,0,0,12,5,5,0,0,0,0,0,17,1,0,false
D:\Others\assignment\FADI_WEDYAN_OOPS\Final_Project_Repos\xmojo-5.0.0\xmojo-5.0.0\tutorials\src\tutorials\mbeans\dynamic\InventoryManager.java,tutorials.mbeans.dynamic.InventoryManager,postRegister/1[java.lang.Boolean],false,435,0,0,0,0,1,1,3,0,0,1,1,0,0,0,0,0,0,2,0,0,1,0,0,0,0,4,1,0,false
D:\Others\assignment\FADI_WEDYAN_OOPS\Final_Project_Repos\xmojo-5.0.0\xmojo-5.0.0\tutorials\src\tutorials\mbeans\dynamic\InventoryManager.java,tutorials.mbeans.dynamic.InventoryManager,getMBeanInfo/0,false,82,2,4,0,4,2,5,14,1,1,0,5,4,2,0,0,1,0,2,0,2,0,1,0,0,0,18,1,0,false
D:\Others\assignment\FADI_WEDYAN_OOPS\Final_Project_Repos\xmojo-5.0.0\xmojo-5.0.0\tutorials\src\tutorials\mbeans\dynamic\InventoryManager.java,tutorials.mbeans.dynamic.InventoryManager,constructOperations/0,false,375,3,2,1,1,2,1,11,0,0,0,1,1,1,0,0,0,0,6,5,5,1,1,0,0,0,19,1,0,false
D:\Others\assignment\FADI_WEDYAN_OOPS\Final_Project_Repos\xmojo-5.0.0\xmojo-5.0.0\tutorials\src\tutorials\mbeans\dynamic\InventoryManager.java,tutorials.mbeans.dynamic.InventoryManager,getAttribute/1[java.lang.String],false,123,6,6,1,5,9,8,37,7,1,1,8,0,0,0,2,1,0,5,2,2,0,4,0,0,0,21,1,0,false
D:\Others\assignment\FADI_WEDYAN_OOPS\Final_Project_Repos\xmojo-5.0.0\xmojo-5.0.0\examples\mbeans\standard\src\examples\mbeans\standard\ServerInfoMBean.java,examples.mbeans.standard.ServerInfoMBean,getServerId/0,false,39,0,0,0,0,1,0,1,0,0,0,0,0,0,0,0,0,0,0,0,0,0,0,0,0,0,3,1,0,false
D:\Others\assignment\FADI_WEDYAN_OOPS\Final_Project_Repos\xmojo-5.0.0\xmojo-5.0.0\examples\mbeans\standard\src\examples\mbeans\standard\ServerInfoMBean.java,examples.mbeans.standard.ServerInfoMBean,getServerName/0,false,37,0,0,0,0,1,0,1,0,0,0,0,0,0,0,0,0,0,0,0,0,0,0,0,0,0,3,1,0,false
D:\Others\assignment\FADI_WEDYAN_OOPS\Final_Project_Repos\xmojo-5.0.0\xmojo-5.0.0\examples\mbeans\standard\src\examples\mbeans\standard\ServerInfoMBean.java,examples.mbeans.standard.ServerInfoMBean,isServerStarted/0,false,41,0,0,0,0,1,0,1,0,0,0,0,0,0,0,0,0,0,0,0,0,0,0,0,0,0,3,1,0,false
D:\Others\assignment\FADI_WEDYAN_OOPS\Final_Project_Repos\xmojo-5.0.0\xmojo-5.0.0\examples\mbeans\standard\src\examples\mbeans\standard\ServerInfoMBean.java,examples.mbeans.standard.ServerInfoMBean,stopService/0,false,51,0,0,0,0,1,0,1,0,0,0,0,0,0,0,0,0,0,0,0,0,0,0,0,0,0,2,1,0,false
D:\Others\assignment\FADI_WEDYAN_OOPS\Final_Project_Repos\xmojo-5.0.0\xmojo-5.0.0\examples\mbeans\standard\src\examples\mbeans\standard\ServerInfoMBean.java,examples.mbeans.standard.ServerInfoMBean,getPort/0,false,43,0,0,0,0,1,0,1,0,0,0,0,0,0,0,0,0,0,0,0,0,0,0,0,0,0,2,1,0,false
D:\Others\assignment\FADI_WEDYAN_OOPS\Final_Project_Repos\xmojo-5.0.0\xmojo-5.0.0\examples\mbeans\standard\src\examples\mbeans\standard\ServerInfoMBean.java,examples.mbeans.standard.ServerInfoMBean,setPort/1[int],false,45,0,0,0,0,1,0,1,0,0,1,0,0,0,0,0,0,0,0,0,0,0,0,0,0,0,3,1,0,false
D:\Others\assignment\FADI_WEDYAN_OOPS\Final_Project_Repos\xmojo-5.0.0\xmojo-5.0.0\examples\mbeans\standard\src\examples\mbeans\standard\ServerInfoMBean.java,examples.mbeans.standard.ServerInfoMBean,startService/0,false,49,0,0,0,0,1,0,1,0,0,0,0,0,0,0,0,0,0,0,0,0,0,0,0,0,0,2,1,0,false
D:\Others\assignment\FADI_WEDYAN_OOPS\Final_Project_Repos\xmojo-5.0.0\xmojo-5.0.0\examples\notification\src\examples\mbeans\standard\NotifReceiver.java,examples.mbeans.standard.NotifReceiver,NotifReceiver/0,true,45,0,1,1,0,1,0,2,0,0,0,0,0,0,0,0,0,0,0,0,0,0,0,0,0,0,2,1,0,false
D:\Others\assignment\FADI_WEDYAN_OOPS\Final_Project_Repos\xmojo-5.0.0\xmojo-5.0.0\examples\notification\src\examples\mbeans\standard\NotifReceiver.java,examples.mbeans.standard.NotifReceiver,"handleNotification/2[examples.mbeans.standard.Notification,java.lang.Object]",false,59,1,0,0,0,1,6,10,0,0,2,6,0,0,0,0,0,0,7,0,0,4,0,0,0,0,15,1,0,false
D:\Others\assignment\FADI_WEDYAN_OOPS\Final_Project_Repos\xmojo-5.0.0\xmojo-5.0.0\examples\notification\src\examples\mbeans\standard\NotifReceiver.java,examples.mbeans.standard.NotifReceiver,getNotificationsReceived/0,false,51,0,0,0,0,1,0,3,1,0,0,0,0,0,0,0,0,0,0,0,0,0,0,0,0,0,4,1,0,false
D:\Others\assignment\FADI_WEDYAN_OOPS\Final_Project_Repos\xmojo-5.0.0\xmojo-5.0.0\examples\notification\src\examples\agent\RunNotifAgent.java,examples.agent.RunNotifAgent,registerAdaptors/0,false,99,1,3,1,2,1,2,4,0,0,0,2,2,1,0,0,0,0,0,0,0,0,0,0,0,0,14,2,0,true
D:\Others\assignment\FADI_WEDYAN_OOPS\Final_Project_Repos\xmojo-5.0.0\xmojo-5.0.0\examples\notification\src\examples\agent\RunNotifAgent.java,examples.agent.RunNotifAgent,RunNotifAgent/0,true,78,1,2,1,1,1,1,3,0,0,0,1,0,0,0,0,0,0,0,0,0,0,0,0,0,0,5,1,0,false
D:\Others\assignment\FADI_WEDYAN_OOPS\Final_Project_Repos\xmojo-5.0.0\xmojo-5.0.0\examples\notification\src\examples\agent\RunNotifAgent.java,examples.agent.RunNotifAgent,registerRMIAdaptor/0,false,107,3,3,1,2,2,4,12,0,0,0,4,0,0,0,0,1,0,2,0,2,0,1,0,0,0,18,2,0,true
D:\Others\assignment\FADI_WEDYAN_OOPS\Final_Project_Repos\xmojo-5.0.0\xmojo-5.0.0\examples\notification\src\examples\agent\RunNotifAgent.java,examples.agent.RunNotifAgent,addListeners/0,false,169,3,3,1,2,2,3,14,0,2,0,3,0,0,0,0,1,0,9,0,2,0,1,0,0,0,27,2,0,true
D:\Others\assignment\FADI_WEDYAN_OOPS\Final_Project_Repos\xmojo-5.0.0\xmojo-5.0.0\examples\notification\src\examples\agent\RunNotifAgent.java,examples.agent.RunNotifAgent,createMBS/0,false,86,0,1,1,0,2,3,10,0,0,0,3,0,0,0,0,1,0,3,0,1,0,1,0,0,0,17,2,0,true
D:\Others\assignment\FADI_WEDYAN_OOPS\Final_Project_Repos\xmojo-5.0.0\xmojo-5.0.0\examples\notification\src\examples\agent\RunNotifAgent.java,examples.agent.RunNotifAgent,registerHTMLAdaptor/0,false,122,3,5,1,4,2,5,13,0,0,0,5,0,0,0,0,1,0,2,0,2,0,1,0,0,0,23,2,0,true
D:\Others\assignment\FADI_WEDYAN_OOPS\Final_Project_Repos\xmojo-5.0.0\xmojo-5.0.0\examples\notification\src\examples\agent\RunNotifAgent.java,examples.agent.RunNotifAgent,registerMBeans/0,false,139,3,3,1,2,3,3,22,0,2,0,3,0,0,0,0,2,0,6,0,4,0,1,0,0,0,22,2,0,true
D:\Others\assignment\FADI_WEDYAN_OOPS\Final_Project_Repos\xmojo-5.0.0\xmojo-5.0.0\examples\notification\src\examples\agent\RunNotifAgent.java,examples.agent.RunNotifAgent,main/1[java.lang.String[]],false,188,1,5,0,5,1,4,7,0,1,1,4,4,2,0,0,0,0,0,0,1,0,0,0,0,0,6,9,0,false
D:\Others\assignment\FADI_WEDYAN_OOPS\Final_Project_Repos\xmojo-5.0.0\xmojo-5.0.0\tutorials\src\tutorials\agent\RunAgent.java,tutorials.agent.RunAgent,registerServices/0,false,189,2,1,1,0,2,11,19,0,1,0,11,0,0,0,0,1,0,4,3,2,0,1,0,0,0,26,1,0,true
D:\Others\assignment\FADI_WEDYAN_OOPS\Final_Project_Repos\xmojo-5.0.0\xmojo-5.0.0\tutorials\src\tutorials\agent\RunAgent.java,tutorials.agent.RunAgent,registerAdaptors/0,false,103,1,3,1,2,1,2,4,0,0,0,2,2,1,0,0,0,0,0,0,0,0,0,0,0,0,14,2,0,true
D:\Others\assignment\FADI_WEDYAN_OOPS\Final_Project_Repos\xmojo-5.0.0\xmojo-5.0.0\tutorials\src\tutorials\agent\RunAgent.java,tutorials.agent.RunAgent,createMBS/0,false,90,0,1,1,0,2,3,10,0,0,0,3,0,0,0,0,1,0,3,0,1,0,1,0,0,0,17,2,0,true
D:\Others\assignment\FADI_WEDYAN_OOPS\Final_Project_Repos\xmojo-5.0.0\xmojo-5.0.0\tutorials\src\tutorials\agent\RunAgent.java,tutorials.agent.RunAgent,registerRMIAdaptor/0,false,111,3,3,1,2,2,4,12,0,0,0,4,0,0,0,0,1,0,2,0,2,0,1,0,0,0,18,2,0,true
D:\Others\assignment\FADI_WEDYAN_OOPS\Final_Project_Repos\xmojo-5.0.0\xmojo-5.0.0\tutorials\src\tutorials\agent\RunAgent.java,tutorials.agent.RunAgent,main/1[java.lang.String[]],false,212,2,6,0,6,2,7,15,0,2,1,7,4,2,0,0,1,0,0,1,2,0,1,0,0,0,11,9,0,false
D:\Others\assignment\FADI_WEDYAN_OOPS\Final_Project_Repos\xmojo-5.0.0\xmojo-5.0.0\tutorials\src\tutorials\agent\RunAgent.java,tutorials.agent.RunAgent,registerMBeans/0,false,144,3,3,1,2,4,3,32,0,3,0,3,0,0,0,0,3,0,11,0,6,0,1,0,0,0,28,2,0,true
D:\Others\assignment\FADI_WEDYAN_OOPS\Final_Project_Repos\xmojo-5.0.0\xmojo-5.0.0\tutorials\src\tutorials\agent\RunAgent.java,tutorials.agent.RunAgent,RunAgent/0,true,82,1,2,1,1,1,1,3,0,0,0,1,0,0,0,0,0,0,0,0,0,0,0,0,0,0,4,1,0,false
D:\Others\assignment\FADI_WEDYAN_OOPS\Final_Project_Repos\xmojo-5.0.0\xmojo-5.0.0\tutorials\src\tutorials\agent\RunAgent.java,tutorials.agent.RunAgent,registerHTMLAdaptor/0,false,126,3,5,1,4,2,5,13,0,0,0,5,0,0,0,0,1,0,2,0,2,0,1,0,0,0,23,2,0,true
D:\Others\assignment\FADI_WEDYAN_OOPS\Final_Project_Repos\xmojo-5.0.0\xmojo-5.0.0\tutorials\src\tutorials\application\shoppingcart\ItemDialog.java,tutorials.application.shoppingcart.ItemDialog,showStatus/1[java.lang.String],false,447,0,0,0,0,1,1,3,0,0,1,1,0,0,0,0,0,0,1,0,0,1,0,0,0,0,4,1,0,false
D:\Others\assignment\FADI_WEDYAN_OOPS\Final_Project_Repos\xmojo-5.0.0\xmojo-5.0.0\tutorials\src\tutorials\application\shoppingcart\ItemDialog.java,tutorials.application.shoppingcart.ItemDialog,setUpGUI/1[java.awt.Container],false,393,1,2,1,1,1,4,34,0,0,1,4,1,1,0,0,0,0,0,101,8,0,0,0,0,0,18,1,0,false
D:\Others\assignment\FADI_WEDYAN_OOPS\Final_Project_Repos\xmojo-5.0.0\xmojo-5.0.0\tutorials\src\tutorials\application\shoppingcart\ItemDialog.java,tutorials.application.shoppingcart.ItemDialog,handleChange/1[java.lang.String],false,123,1,4,2,2,1,3,4,0,0,1,3,0,0,0,0,0,0,2,0,0,2,0,0,0,0,3,2,0,false
D:\Others\assignment\FADI_WEDYAN_OOPS\Final_Project_Repos\xmojo-5.0.0\xmojo-5.0.0\tutorials\src\tutorials\application\shoppingcart\ItemDialog.java,tutorials.application.shoppingcart.ItemDialog,ItemDialog/1[java.applet.Applet],true,72,0,0,0,0,1,2,5,0,0,1,2,0,0,0,0,0,0,0,0,1,0,0,0,0,0,4,1,0,false
D:\Others\assignment\FADI_WEDYAN_OOPS\Final_Project_Repos\xmojo-5.0.0\xmojo-5.0.0\tutorials\src\tutorials\application\shoppingcart\ItemDialog.java,tutorials.application.shoppingcart.ItemDialog,start/0,false,206,0,1,1,0,2,0,4,1,0,0,0,0,0,0,0,0,0,0,0,1,0,1,0,0,0,3,1,0,false
D:\Others\assignment\FADI_WEDYAN_OOPS\Final_Project_Repos\xmojo-5.0.0\xmojo-5.0.0\tutorials\src\tutorials\application\shoppingcart\ItemDialog.java,tutorials.application.shoppingcart.ItemDialog,setVisible/1[boolean],false,176,1,5,2,3,3,4,13,0,0,1,4,3,4,0,0,0,0,0,0,0,0,2,0,0,0,7,1,0,false
D:\Others\assignment\FADI_WEDYAN_OOPS\Final_Project_Repos\xmojo-5.0.0\xmojo-5.0.0\tutorials\src\tutorials\application\shoppingcart\ItemDialog.java,tutorials.application.shoppingcart.ItemDialog,isOK/0,false,119,0,1,1,0,1,0,3,1,0,0,0,0,0,0,0,0,0,0,0,0,0,0,0,0,0,3,1,0,false
D:\Others\assignment\FADI_WEDYAN_OOPS\Final_Project_Repos\xmojo-5.0.0\xmojo-5.0.0\tutorials\src\tutorials\application\shoppingcart\ItemDialog.java,tutorials.application.shoppingcart.ItemDialog,"setConstraints/11[int,int,int,int,double,double,int,int,java.awt.Insets,int,int]",false,463,0,1,1,0,1,0,13,0,0,11,0,0,0,0,0,0,0,0,0,11,0,0,0,0,0,13,1,0,false
D:\Others\assignment\FADI_WEDYAN_OOPS\Final_Project_Repos\xmojo-5.0.0\xmojo-5.0.0\tutorials\src\tutorials\application\shoppingcart\ItemDialog.java,tutorials.application.shoppingcart.ItemDialog,itemStateChanged/1[java.awt.event.ItemEvent],false,128,1,2,0,2,2,2,7,1,1,1,2,2,1,0,1,0,0,0,0,1,0,1,0,0,0,12,1,0,false
D:\Others\assignment\FADI_WEDYAN_OOPS\Final_Project_Repos\xmojo-5.0.0\xmojo-5.0.0\tutorials\src\tutorials\application\shoppingcart\ItemDialog.java,tutorials.application.shoppingcart.ItemDialog,keyReleased/1[java.awt.event.KeyEvent],false,167,0,0,0,0,1,0,2,0,0,1,0,0,0,0,0,0,0,0,0,0,0,0,0,0,0,5,1,0,false
D:\Others\assignment\FADI_WEDYAN_OOPS\Final_Project_Repos\xmojo-5.0.0\xmojo-5.0.0\tutorials\src\tutorials\application\shoppingcart\ItemDialog.java,tutorials.application.shoppingcart.ItemDialog,keyTyped/1[java.awt.event.KeyEvent],false,171,0,0,0,0,1,0,2,0,0,1,0,0,0,0,0,0,0,0,0,0,0,0,0,0,0,5,1,0,false
D:\Others\assignment\FADI_WEDYAN_OOPS\Final_Project_Repos\xmojo-5.0.0\xmojo-5.0.0\tutorials\src\tutorials\application\shoppingcart\ItemDialog.java,tutorials.application.shoppingcart.ItemDialog,initVariables/0,false,373,0,1,1,0,1,0,15,0,0,0,0,0,0,0,0,0,0,0,0,13,0,0,0,0,0,18,1,0,false
D:\Others\assignment\FADI_WEDYAN_OOPS\Final_Project_Repos\xmojo-5.0.0\xmojo-5.0.0\tutorials\src\tutorials\application\shoppingcart\ItemDialog.java,tutorials.application.shoppingcart.ItemDialog,getName/0,false,107,0,2,2,0,1,1,3,1,0,0,1,0,0,0,0,0,0,0,0,0,0,0,0,0,0,2,1,0,false
D:\Others\assignment\FADI_WEDYAN_OOPS\Final_Project_Repos\xmojo-5.0.0\xmojo-5.0.0\tutorials\src\tutorials\application\shoppingcart\ItemDialog.java,tutorials.application.shoppingcart.ItemDialog,"initInfo/4[java.lang.String,int,java.lang.Object[],boolean]",false,87,2,4,1,3,3,11,19,0,1,4,11,1,1,1,1,0,0,3,1,2,3,2,0,0,0,14,1,0,false
D:\Others\assignment\FADI_WEDYAN_OOPS\Final_Project_Repos\xmojo-5.0.0\xmojo-5.0.0\tutorials\src\tutorials\application\shoppingcart\ItemDialog.java,tutorials.application.shoppingcart.ItemDialog,getInventory/0,false,115,0,1,1,0,1,2,3,1,0,0,2,0,0,0,0,0,0,0,0,0,0,0,0,0,0,2,1,0,false
D:\Others\assignment\FADI_WEDYAN_OOPS\Final_Project_Repos\xmojo-5.0.0\xmojo-5.0.0\tutorials\src\tutorials\application\shoppingcart\ItemDialog.java,tutorials.application.shoppingcart.ItemDialog,init/0,false,216,1,7,2,5,3,10,17,1,1,0,10,5,3,0,1,1,0,2,2,2,2,1,0,0,0,26,1,0,false
D:\Others\assignment\FADI_WEDYAN_OOPS\Final_Project_Repos\xmojo-5.0.0\xmojo-5.0.0\tutorials\src\tutorials\application\shoppingcart\ItemDialog.java,tutorials.application.shoppingcart.ItemDialog,"showStatus/2[java.lang.String,java.lang.Exception]",false,453,0,2,2,0,1,2,4,0,0,2,2,0,0,0,0,0,0,1,0,0,1,0,0,0,0,5,1,0,false
D:\Others\assignment\FADI_WEDYAN_OOPS\Final_Project_Repos\xmojo-5.0.0\xmojo-5.0.0\tutorials\src\tutorials\application\shoppingcart\ItemDialog.java,tutorials.application.shoppingcart.ItemDialog,stop/0,false,196,0,1,1,0,2,0,4,1,0,0,0,0,0,0,0,0,0,0,0,1,0,1,0,0,0,3,1,0,false
D:\Others\assignment\FADI_WEDYAN_OOPS\Final_Project_Repos\xmojo-5.0.0\xmojo-5.0.0\tutorials\src\tutorials\application\shoppingcart\ItemDialog.java,tutorials.application.shoppingcart.ItemDialog,getQuantity/0,false,111,0,2,2,0,1,2,3,1,0,0,2,0,0,0,0,0,0,0,0,0,0,0,0,0,0,2,1,0,false
D:\Others\assignment\FADI_WEDYAN_OOPS\Final_Project_Repos\xmojo-5.0.0\xmojo-5.0.0\tutorials\src\tutorials\application\shoppingcart\ItemDialog.java,tutorials.application.shoppingcart.ItemDialog,actionPerformed/1[java.awt.event.ActionEvent],false,136,1,3,0,3,5,9,23,2,1,1,9,3,5,0,2,1,0,7,1,2,1,3,0,0,0,31,1,0,false
D:\Others\assignment\FADI_WEDYAN_OOPS\Final_Project_Repos\xmojo-5.0.0\xmojo-5.0.0\tutorials\src\tutorials\application\shoppingcart\ItemDialog.java,tutorials.application.shoppingcart.ItemDialog,setUpProperties/0,false,266,1,2,1,1,11,11,71,0,0,0,11,1,1,0,0,10,0,18,20,0,14,1,0,0,0,18,1,0,false
D:\Others\assignment\FADI_WEDYAN_OOPS\Final_Project_Repos\xmojo-5.0.0\xmojo-5.0.0\tutorials\src\tutorials\application\shoppingcart\ItemDialog.java,tutorials.application.shoppingcart.ItemDialog,keyPressed/1[java.awt.event.KeyEvent],false,161,0,0,0,0,2,2,5,0,0,1,2,0,0,0,1,0,0,0,0,0,0,1,0,0,0,5,1,0,false
D:\Others\assignment\FADI_WEDYAN_OOPS\Final_Project_Repos\xmojo-5.0.0\xmojo-5.0.0\tutorials\src\tutorials\application\shoppingcart\ItemDialog.java,tutorials.application.shoppingcart.ItemDialog,ItemDialog/0,true,64,0,0,0,0,1,1,3,0,0,0,1,0,0,0,0,0,0,0,0,0,0,0,0,0,0,3,1,0,false
D:\Others\assignment\FADI_WEDYAN_OOPS\Final_Project_Repos\xmojo-5.0.0\xmojo-5.0.0\tutorials\src\tutorials\application\shoppingcart\ItemDialog.java,tutorials.application.shoppingcart.ItemDialog,ItemDialog/1[java.awt.Frame],true,82,0,1,1,0,1,1,4,0,0,1,1,0,0,0,0,0,0,0,0,0,0,0,0,0,0,5,1,0,false
D:\Others\assignment\FADI_WEDYAN_OOPS\Final_Project_Repos\xmojo-5.0.0\xmojo-5.0.0\tutorials\src\tutorials\application\shoppingcart\ItemDialog.java,tutorials.application.shoppingcart.ItemDialog,setUpConnections/0,false,432,0,1,1,0,1,3,6,0,0,0,3,0,0,0,0,0,0,0,0,0,0,0,0,0,0,6,1,0,false
D:\Others\assignment\FADI_WEDYAN_OOPS\Final_Project_Repos\xmojo-5.0.0\xmojo-5.0.0\tutorials\src\tutorials\application\shoppingcart\ShoppingCartApplication.java,tutorials.application.shoppingcart.ShoppingCartApplication$Anonymous1,windowClosing/1[java.awt.event.WindowEvent],false,98,0,0,0,0,1,1,3,0,0,1,1,0,0,0,0,0,0,0,1,0,0,0,0,0,0,5,1,0,false
D:\Others\assignment\FADI_WEDYAN_OOPS\Final_Project_Repos\xmojo-5.0.0\xmojo-5.0.0\examples\mbeans\model\src\examples\mbeans\model\ModelServerInfo.java,examples.mbeans.model.ModelServerInfo,getNotificationsInfo/0,false,439,1,1,1,0,1,0,4,1,1,0,0,0,0,0,0,0,0,0,1,1,0,0,0,0,0,7,10,0,true
D:\Others\assignment\FADI_WEDYAN_OOPS\Final_Project_Repos\xmojo-5.0.0\xmojo-5.0.0\examples\mbeans\model\src\examples\mbeans\model\ModelServerInfo.java,examples.mbeans.model.ModelServerInfo,getAttributesInfo/0,false,106,3,1,1,0,2,2,59,1,8,0,2,0,0,0,0,1,0,93,8,15,0,1,0,0,0,41,10,0,true
D:\Others\assignment\FADI_WEDYAN_OOPS\Final_Project_Repos\xmojo-5.0.0\xmojo-5.0.0\examples\mbeans\model\src\examples\mbeans\model\ModelServerInfo.java,examples.mbeans.model.ModelServerInfo,getOperationsInfo/0,false,270,4,1,1,0,2,4,78,1,14,0,4,0,0,0,0,1,1,125,12,25,1,1,0,0,0,47,10,0,true
D:\Others\assignment\FADI_WEDYAN_OOPS\Final_Project_Repos\xmojo-5.0.0\xmojo-5.0.0\examples\mbeans\model\src\examples\mbeans\model\ModelServerInfo.java,examples.mbeans.model.ModelServerInfo,getConstructorsInfo/0,false,229,4,1,1,0,2,3,21,1,5,0,3,0,0,0,0,1,0,14,5,7,0,1,0,0,0,30,10,0,true
D:\Others\assignment\FADI_WEDYAN_OOPS\Final_Project_Repos\xmojo-5.0.0\xmojo-5.0.0\examples\mbeans\model\src\examples\mbeans\model\ModelServerInfo.java,examples.mbeans.model.ModelServerInfo,"getMBeanInfo/2[examples.mbeans.model.ObjectName,java.lang.String]",false,62,8,5,1,4,2,8,15,1,4,2,8,4,1,0,0,1,2,13,2,5,3,1,0,0,0,32,9,0,true
D:\Others\assignment\FADI_WEDYAN_OOPS\Final_Project_Repos\xmojo-5.0.0\xmojo-5.0.0\tutorials\src\tutorials\application\shoppingcart\ShoppingCartApplication.java,tutorials.application.shoppingcart.ShoppingCartApplication,ShoppingCartApplication/1[java.applet.Applet],true,77,1,1,0,1,1,2,5,0,0,1,2,0,0,0,0,0,0,0,0,1,0,0,0,0,0,5,1,0,false
D:\Others\assignment\FADI_WEDYAN_OOPS\Final_Project_Repos\xmojo-5.0.0\xmojo-5.0.0\tutorials\src\tutorials\application\shoppingcart\ShoppingCartApplication.java,tutorials.application.shoppingcart.ShoppingCartApplication,setUpConnections/0,false,444,0,1,1,0,1,1,6,0,0,0,1,0,0,0,0,0,0,0,0,0,0,0,0,0,0,3,1,0,false
D:\Others\assignment\FADI_WEDYAN_OOPS\Final_Project_Repos\xmojo-5.0.0\xmojo-5.0.0\tutorials\src\tutorials\application\shoppingcart\ShoppingCartApplication.java,tutorials.application.shoppingcart.ShoppingCartApplication,getShoppingCartReference/0,false,85,1,7,7,0,1,0,3,1,0,0,0,0,0,0,0,0,0,0,0,0,0,0,0,0,0,5,9,0,false
D:\Others\assignment\FADI_WEDYAN_OOPS\Final_Project_Repos\xmojo-5.0.0\xmojo-5.0.0\tutorials\src\tutorials\application\shoppingcart\ShoppingCartApplication.java,tutorials.application.shoppingcart.ShoppingCartApplication,initVariables/0,false,381,1,3,1,2,1,3,27,0,0,0,3,0,0,0,0,0,0,0,1,18,0,0,1,0,0,28,1,0,false
D:\Others\assignment\FADI_WEDYAN_OOPS\Final_Project_Repos\xmojo-5.0.0\xmojo-5.0.0\tutorials\src\tutorials\application\shoppingcart\ShoppingCartApplication.java,tutorials.application.shoppingcart.ShoppingCartApplication,setUpProperties/0,false,272,1,2,1,1,10,12,78,0,0,0,12,1,1,0,0,9,0,21,24,0,21,1,0,0,0,21,1,0,false
D:\Others\assignment\FADI_WEDYAN_OOPS\Final_Project_Repos\xmojo-5.0.0\xmojo-5.0.0\tutorials\src\tutorials\application\shoppingcart\ShoppingCartApplication.java,tutorials.application.shoppingcart.ShoppingCartApplication,setVisible/1[boolean],false,199,1,4,1,3,2,4,10,0,0,1,4,3,3,0,0,0,0,0,0,0,0,1,0,0,0,6,1,0,false
D:\Others\assignment\FADI_WEDYAN_OOPS\Final_Project_Repos\xmojo-5.0.0\xmojo-5.0.0\tutorials\src\tutorials\application\shoppingcart\ShoppingCartApplication.java,tutorials.application.shoppingcart.ShoppingCartApplication,showStatus/1[java.lang.String],false,457,0,0,0,0,1,1,3,0,0,1,1,0,0,0,0,0,0,1,0,0,1,0,0,0,0,4,1,0,false
D:\Others\assignment\FADI_WEDYAN_OOPS\Final_Project_Repos\xmojo-5.0.0\xmojo-5.0.0\tutorials\src\tutorials\application\shoppingcart\ShoppingCartApplication.java,tutorials.application.shoppingcart.ShoppingCartApplication,"showItemDialog/3[java.lang.String,int,boolean]",false,172,4,8,1,7,5,14,24,1,3,3,14,0,0,1,2,0,0,4,3,5,1,2,0,0,0,26,2,0,false
D:\Others\assignment\FADI_WEDYAN_OOPS\Final_Project_Repos\xmojo-5.0.0\xmojo-5.0.0\tutorials\src\tutorials\application\shoppingcart\ShoppingCartApplication.java,tutorials.application.shoppingcart.ShoppingCartApplication,setUpGUI/1[java.awt.Container],false,415,0,1,1,0,1,4,24,0,0,1,4,0,0,0,0,0,0,0,15,0,0,0,0,0,0,21,1,0,false
D:\Others\assignment\FADI_WEDYAN_OOPS\Final_Project_Repos\xmojo-5.0.0\xmojo-5.0.0\tutorials\src\tutorials\application\shoppingcart\ShoppingCartApplication.java,tutorials.application.shoppingcart.ShoppingCartApplication,actionPerformed/1[java.awt.event.ActionEvent],false,111,4,12,0,12,13,18,52,3,2,1,18,2,1,0,8,1,0,12,5,2,2,3,0,0,0,41,1,0,false
D:\Others\assignment\FADI_WEDYAN_OOPS\Final_Project_Repos\xmojo-5.0.0\xmojo-5.0.0\tutorials\src\tutorials\application\shoppingcart\ShoppingCartApplication.java,tutorials.application.shoppingcart.ShoppingCartApplication,showSummary/0,false,106,1,7,5,2,1,3,4,0,0,0,3,0,0,0,0,0,0,2,0,0,2,0,0,0,0,2,1,0,false
D:\Others\assignment\FADI_WEDYAN_OOPS\Final_Project_Repos\xmojo-5.0.0\xmojo-5.0.0\tutorials\src\tutorials\application\shoppingcart\ShoppingCartApplication.java,tutorials.application.shoppingcart.ShoppingCartApplication,ShoppingCartApplication/0,true,69,1,2,1,1,1,2,4,0,0,0,2,0,0,0,0,0,0,0,0,0,0,0,0,0,0,4,1,0,false
D:\Others\assignment\FADI_WEDYAN_OOPS\Final_Project_Repos\xmojo-5.0.0\xmojo-5.0.0\tutorials\src\tutorials\application\shoppingcart\ShoppingCartApplication.java,tutorials.application.shoppingcart.ShoppingCartApplication,stop/0,false,216,0,1,1,0,2,0,4,1,0,0,0,0,0,0,0,0,0,0,0,1,0,1,0,0,0,3,1,0,false
D:\Others\assignment\FADI_WEDYAN_OOPS\Final_Project_Repos\xmojo-5.0.0\xmojo-5.0.0\tutorials\src\tutorials\application\shoppingcart\ShoppingCartApplication.java,tutorials.application.shoppingcart.ShoppingCartApplication,start/0,false,226,0,1,1,0,2,0,4,1,0,0,0,0,0,0,0,0,0,0,0,1,0,1,0,0,0,3,1,0,false
D:\Others\assignment\FADI_WEDYAN_OOPS\Final_Project_Repos\xmojo-5.0.0\xmojo-5.0.0\tutorials\src\tutorials\application\shoppingcart\ShoppingCartApplication.java,tutorials.application.shoppingcart.ShoppingCartApplication,init/0,false,236,1,7,1,6,4,14,24,1,1,0,14,6,2,0,1,2,0,2,2,2,2,1,0,0,0,29,1,0,false
D:\Others\assignment\FADI_WEDYAN_OOPS\Final_Project_Repos\xmojo-5.0.0\xmojo-5.0.0\tutorials\src\tutorials\application\shoppingcart\ShoppingCartApplication.java,tutorials.application.shoppingcart.ShoppingCartApplication,"showStatus/2[java.lang.String,java.lang.Exception]",false,463,0,2,2,0,1,2,4,0,0,2,2,0,0,0,0,0,0,1,0,0,1,0,0,0,0,5,1,0,false
D:\Others\assignment\FADI_WEDYAN_OOPS\Final_Project_Repos\xmojo-5.0.0\xmojo-5.0.0\tutorials\src\tutorials\application\shoppingcart\ShoppingCartApplication.java,tutorials.application.shoppingcart.ShoppingCartApplication,main/1[java.lang.String[]],false,90,1,4,1,3,1,2,10,0,1,1,2,1,4,0,0,0,0,0,0,1,0,0,1,0,0,13,9,0,false
